United_Kingdom	participatedIn	Operation_Eagle's_Summit
Württemberg	participatedIn	War_of_the_Fourth_Coalition
Habsburg_Monarchy	participatedIn	Battle_of_Oudenarde
Second_Philippine_Republic	participatedIn	Battle_of_the_Visayas
United_States	participatedIn	Second_Anglo-Mysore_War
Volhynia	participatedIn	Lithuanian_Civil_War_(1431–35)
United_Kingdom	participatedIn	Dodecanese_Campaign
Republic_of_China_(1912–49)	participatedIn	Battle_of_Wuhan
Saxony	participatedIn	Battle_of_Albert_(1916)
Czechoslovakia	participatedIn	European_theatre_of_World_War_II
Second_Polish_Republic	participatedIn	Siberian_Intervention
United_Kingdom	participatedIn	Operation_Anaconda
Grand_Duchy_of_Baden	participatedIn	1814_campaign_in_France
United_Kingdom	participatedIn	Anglo-Iraqi_War
United_States	participatedIn	War_on_Terror
British_Raj	participatedIn	Battle_of_Monte_Cassino
British_Raj	participatedIn	East_African_Campaign_(World_War_II)
Luxembourg	participatedIn	European_theatre_of_World_War_II
Dutch_Republic	participatedIn	War_of_the_Spanish_Succession
Niger	participatedIn	War_on_Terror
Emirate_of_Granada	participatedIn	Battle_of_Montiel
First_French_Empire	participatedIn	Battle_of_Dürenstein
Kingdom_of_the_Two_Sicilies	participatedIn	Napoleonic_Wars
Polisario_Front	participatedIn	Western_Sahara_War
China	participatedIn	Operation_Enduring_Freedom_–_Horn_of_Africa
Australia	participatedIn	Operation_Anaconda
Cuba	participatedIn	Portuguese_Colonial_War
Slovakia	participatedIn	War_in_Afghanistan_(2001–present)
Germany	participatedIn	Operation_Deliberate_Force
United_Kingdom	participatedIn	Borneo_campaign_(1945)
United_States	participatedIn	Operation_Bodenplatte
Azad_Hind	participatedIn	South-East_Asian_theatre_of_World_War_II
United_Kingdom	participatedIn	International_Force_for_East_Timor
Duchy_of_Savoy	participatedIn	Battle_of_Lepanto
New_Zealand	participatedIn	Senussi_Campaign
Australia	participatedIn	Moro_insurgency_in_the_Philippines
Kingdom_of_England	participatedIn	Battle_of_Blenheim
Denmark	participatedIn	Second_Boer_War
French_First_Republic	participatedIn	Battle_of_Castricum
Croatia	participatedIn	Kosovo_War
Russian_Empire	participatedIn	War_of_the_Austrian_Succession
United_States	participatedIn	Battle_of_Najaf_(2003)
Empire_of_Japan	participatedIn	Battle_of_Tassafaronga
Ilkhanate	participatedIn	Ninth_Crusade
Kingdom_of_Prussia	participatedIn	Battle_of_Hochkirch
Crimean_Khanate	participatedIn	Battle_of_Keresztes
Pergamon	participatedIn	Second_Punic_War
Kingdom_of_France	participatedIn	Battle_of_Oudenarde
Russian_Empire	participatedIn	Brusilov_Offensive
Nazi_Germany	participatedIn	Battle_of_the_Mediterranean
Umayyad_Caliphate	participatedIn	Muslim_conquests
Netherlands	participatedIn	Operation_Deliberate_Force
Kingdom_of_France	participatedIn	War_of_the_League_of_Cambrai
Equatorial_Guinea	participatedIn	Nigerian_Civil_War
Landgraviate_of_Hesse	participatedIn	Schmalkaldic_War
Canada	participatedIn	Battle_of_Messines_(1917)
Wallachia	participatedIn	Great_Northern_War
United_Kingdom	participatedIn	Operation_Deliberate_Force
Iraq	participatedIn	Eritrean_War_of_Independence
Axis_powers	participatedIn	Soviet_invasion_of_Manchuria
Russian_Empire	participatedIn	Battle_of_Amstetten
German_Empire	participatedIn	Battle_of_Messines_(1917)
Kingdom_of_Sardinia	participatedIn	Second_Italian_War_of_Independence
Republic_of_Venice	participatedIn	Battle_of_Anghiari
Australia	participatedIn	Allied_intervention_in_the_Russian_Civil_War
German_Empire	participatedIn	Battle_of_Saint-Mihiel
Kingdom_of_Great_Britain	participatedIn	Siege_of_Lille_(1708)
County_of_Flanders	participatedIn	Second_Crusade
Socialist_Federal_Republic_of_Yugoslavia	participatedIn	Portuguese_Colonial_War
British_Empire	participatedIn	Second_Battle_of_Ypres
United_Kingdom	participatedIn	The_Troubles
China	participatedIn	Naxalite–Maoist_insurgency
First_Portuguese_Republic	participatedIn	Western_Front_(World_War_I)
Russian_Empire	participatedIn	Battle_of_Castricum
Australia	participatedIn	Battle_of_Leyte
Kingdom_of_Prussia	participatedIn	Liège_Revolution
Pakistan	participatedIn	Six-Day_War
Principality_of_Antioch	participatedIn	War_of_the_Lombards
Kingdom_of_Jerusalem	participatedIn	Siege_of_Acre_(1189–91)
Electorate_of_Brunswick-Lüneburg	participatedIn	Battle_of_Krefeld
United_States_Army_Air_Forces	participatedIn	Jalajala,_Rizal
Iran	participatedIn	Soviet_war_in_Afghanistan
Holy_Roman_Empire	participatedIn	Battle_of_Crécy
Roman_Republic	participatedIn	War_against_Nabis
Germany	participatedIn	Operation_Enduring_Freedom
Wallachia	participatedIn	Battle_of_Vienna
Portugal	participatedIn	Indonesian_occupation_of_East_Timor
Malaysia	participatedIn	Congo_Crisis
Soviet_Union	participatedIn	Malayan_Emergency
United_States	participatedIn	Mayoyao,_Ifugao
Kingdom_of_France	participatedIn	Battle_of_Pavia
Ba'athist_Iraq	participatedIn	Yom_Kippur_War
Ukrainian_Soviet_Socialist_Republic	participatedIn	Allied_intervention_in_the_Russian_Civil_War
Kingdom_of_Prussia	participatedIn	Battle_of_Kunersdorf
Czechoslovak_government-in-exile	participatedIn	Invasion_of_Normandy
Abbasid_Caliphate	participatedIn	First_Crusade
Electoral_Palatinate	participatedIn	Siege_of_Mainz_(1793)
Republic_of_Venice	participatedIn	Morean_War
Ireland	participatedIn	War_on_Terror
Patriot_(Spanish_American_Independence)	participatedIn	Admirable_Campaign
France	participatedIn	War_in_Somalia_(2009–present)
Italian_Social_Republic	participatedIn	Battle_of_Monte_Cassino
Azad_Hind	participatedIn	Pacific_War
Kingdom_of_Naples	participatedIn	Conquest_of_Tunis_(1535)
Sultanate_of_Rum	participatedIn	Mongol_invasions_of_the_Levant
Electorate_of_Bavaria	participatedIn	War_of_the_Spanish_Succession
Bavaria	participatedIn	Battle_of_Freiburg
Austrian_Empire	participatedIn	Second_Italian_War_of_Independence
Poland	participatedIn	Operation_Atalanta
Tasmania	participatedIn	Second_Boer_War
Kingdom_of_Sicily	participatedIn	Neapolitan_War
British_Raj	participatedIn	Hundred_Days_Offensive
Cuba	participatedIn	Ethiopian_Civil_War
Spain	participatedIn	Western_Sahara_War
Free_City_of_Lübeck	participatedIn	Count's_Feud
France_in_the_Middle_Ages	participatedIn	War_of_the_Two_Peters
Iran	participatedIn	Shia_insurgency_in_Yemen
Landgraviate_of_Hesse	participatedIn	Battle_of_Mühlberg
India	participatedIn	Sierra_Leone_Civil_War
Habsburg_Monarchy	participatedIn	Battle_of_Rivoli
United_Kingdom	participatedIn	Allied_invasion_of_Italy
Duchy_of_Normandy	participatedIn	First_Crusade
First_French_Empire	participatedIn	Napoleonic_Wars
Tunisia	participatedIn	Operation_Enduring_Freedom_–_Trans_Sahara
Habsburg_Monarchy	participatedIn	Battle_of_Lodi
SWAPO	participatedIn	South_African_Border_War
Holy_Roman_Empire	participatedIn	Rákóczi's_War_of_Independence
French_Third_Republic	participatedIn	Race_to_the_Sea
New_Zealand	participatedIn	Battle_of_Baku
Baden	participatedIn	Battle_of_the_Somme
Holy_Roman_Empire	participatedIn	Battle_of_Mohács
United_States	participatedIn	Cambodian_Civil_War
India	participatedIn	Korean_War
Holy_Roman_Empire	participatedIn	Long_War_(1591–1606)
County_of_Holland	participatedIn	Fifth_Crusade
China	participatedIn	Sino-Indian_War
Belgium	participatedIn	Battle_of_the_Atlantic
United_States	participatedIn	Western_Sahara_War
Canada	participatedIn	Colombian_conflict_(1964–present)
Imperial_Japanese_Navy	participatedIn	Battle_of_Changsha_(1941)
Republic_of_China_(1912–49)	participatedIn	Defense_of_Harbin
Imperial_Japanese_Army	participatedIn	Battle_of_Wuhan
Kingdom_of_Prussia	participatedIn	1814_campaign_in_France
Francoist_Spain	participatedIn	Siege_of_Oviedo
Moldova	participatedIn	War_of_Transnistria
Kingdom_of_Italy	participatedIn	European_theatre_of_World_War_II
First_Philippine_Republic	participatedIn	Philippine_Revolution
Duchy_of_Savoy	participatedIn	Ottoman–Venetian_War_(1570–73)
Cologne	participatedIn	Battle_of_Worringen
Rashidun_Caliphate	participatedIn	Arab–Byzantine_wars
Kingdom_of_Italy	participatedIn	Italian_Campaign_(World_War_II)
Papal_States	participatedIn	Ottoman–Venetian_War_(1463–79)
Russian_Empire	participatedIn	Caucasian_War
Bangladesh	participatedIn	International_Force_for_East_Timor
Luxembourg	participatedIn	Kosovo_War
Confederation_of_the_Rhine	participatedIn	Battle_of_Borodino
Republic_of_Venice	participatedIn	Italian_War_of_1521–26
Republic_of_the_Congo	participatedIn	Congo_Crisis
Portugal	participatedIn	War_on_Terror
United_States	participatedIn	Battle_of_the_Lys_(1918)
Bermuda	participatedIn	Battle_of_Albert_(1916)
Kingdom_of_Bohemia	participatedIn	Little_War_in_Hungary
Colombia	participatedIn	Korean_War
Kingdom_of_England	participatedIn	Battle_of_Landen
Iraq	participatedIn	Iraqi_no-fly_zones
Nazi_Germany	participatedIn	European_theatre_of_World_War_II
Serbia	participatedIn	Operation_Atalanta
Papal_States	participatedIn	Battle_of_Bicocca
Canada	participatedIn	Helmand_province_campaign
Kingdom_of_France	participatedIn	Battle_of_Chiari
Yugoslav_Partisans	participatedIn	Operation_Rösselsprung_(1944)
Luxembourg	participatedIn	Operation_Atalanta
Germany	participatedIn	Unified_Task_Force
Hesse	participatedIn	Battle_of_Bennington
Soviet_Union	participatedIn	Convoy_PQ_17
Electorate_of_Saxony	participatedIn	Battle_of_Mühlberg
Hezbollah	participatedIn	2006_Lebanon_War
United_States	participatedIn	Insurgency_in_Laos
Old_Swiss_Confederacy	participatedIn	Battle_of_Marignano
Russian_Empire	participatedIn	Battle_of_Gumbinnen
Vichy_France	participatedIn	Western_Front_(World_War_II)
Australia	participatedIn	Allied_invasion_of_Sicily
Nazi_Germany	participatedIn	Juno_Beach
Israel	participatedIn	War_of_Attrition
Tsardom_of_Russia	participatedIn	Battle_of_Kalisz
Vitebsk	participatedIn	Lithuanian_Civil_War_(1431–35)
Cyzicus	participatedIn	Cretan_War_(205–200_BC)
Nyasaland	participatedIn	East_African_Campaign_(World_War_I)
United_States	participatedIn	Internal_conflict_in_Burma
First_French_Empire	participatedIn	Hundred_Days
Kingdom_of_Scotland	participatedIn	Ottoman_wars_in_Europe
Finland	participatedIn	Settling_Accounts
Canada	participatedIn	Battle_for_Caen
Kingdom_of_Italy	participatedIn	Siberian_Intervention
Fiji	participatedIn	United_States_Exploring_Expedition
Soviet_Union	participatedIn	Dnieper–Carpathian_Offensive
Soviet_Union	participatedIn	Spanish_Civil_War
Holy_Roman_Empire	participatedIn	Schmalkaldic_War
Kingdom_of_Croatia_(Habsburg)	participatedIn	Hungarian_campaign_of_1527–28
United_States	participatedIn	Fort_Lee_Historic_Park
Australia	participatedIn	Battle_of_Monte_Cassino
Argentine_Army	participatedIn	Pikysyry_maneuver
Kingdom_of_Hungary	participatedIn	Third_Crusade
Mongol_Empire	participatedIn	Mongol_invasions_of_Japan
Kenya	participatedIn	Namibian_War_of_Independence
Duchy_of_Savoy	participatedIn	Nine_Years'_War
Ottoman_Empire	participatedIn	Polish–Ottoman_War_(1672–76)
Canada	participatedIn	Battle_of_France
Roman_Republic	participatedIn	Antony's_Parthian_War
Papal_States	participatedIn	Morean_War
South_Korea	participatedIn	Operation_Enduring_Freedom_–_Horn_of_Africa
United_States	participatedIn	Moro_insurgency_in_the_Philippines
Royal_Marines	participatedIn	Jewish_insurgency_in_Palestine
Crown_of_Castile	participatedIn	Battle_of_Teba
Batavian_Republic	participatedIn	War_of_the_First_Coalition
Italy	participatedIn	Colombian_conflict_(1964–present)
Spain	participatedIn	Battle_of_Albuera
Portugal	participatedIn	Operation_Enduring_Freedom_–_Horn_of_Africa
Turkey	participatedIn	Operation_Deliberate_Force
Kurdistan_Democratic_Party	participatedIn	Iraqi_Kurdish_Civil_War
Jordan	participatedIn	War_of_Attrition
Australia	participatedIn	Battle_of_the_Mediterranean
SWAPO	participatedIn	Angolan_Civil_War
Duchy_of_Milan	participatedIn	Italian_War_of_1499–1504
Holy_Roman_Empire	participatedIn	Battle_of_Pavia
Kingdom_of_Naples	participatedIn	War_of_the_Austrian_Succession
Kingdom_of_Serbia	participatedIn	European_theatre_of_World_War_I
El_Salvador	participatedIn	War_in_Afghanistan_(2001–present)
Ukraine	participatedIn	Operation_Atalanta
French_First_Republic	participatedIn	Siege_of_Mainz_(1793)
Bavaria	participatedIn	Battle_of_Fromelles
County_of_Tripoli	participatedIn	Battle_of_Harim
New_Zealand	participatedIn	Operation_Enduring_Freedom
Württemberg	participatedIn	Battle_of_Fère-Champenoise
Republic_of_Genoa	participatedIn	War_of_Chioggia
France	participatedIn	Fifth_Battle_of_Ypres
Kingdom_of_Great_Britain	participatedIn	Battle_of_Fleurus_(1794)
Empire_of_Japan	participatedIn	Battle_of_Shanghai
Kingdom_of_Hungary_(1920–46)	participatedIn	Operation_Uranus
Argentine_Army	participatedIn	Paraguayan_War
Kingdom_of_Great_Britain	participatedIn	French_Revolutionary_Wars
German_Empire	participatedIn	Second_Battle_of_Ypres
Polish_People's_Republic	participatedIn	Nigerian_Civil_War
Kingdom_of_Croatia_(925–1102)	participatedIn	Hussite_Wars
Kingdom_of_Italy_(Napoleonic)	participatedIn	War_of_the_Third_Coalition
Kingdom_of_England	participatedIn	Battle_of_Brunanburh
Duchy_of_Savoy	participatedIn	Battle_of_Toulon_(1707)
Second_French_Empire	participatedIn	Siege_of_Sevastopol_(1854–55)
India	participatedIn	Operation_Enduring_Freedom_–_Horn_of_Africa
Qing_dynasty	participatedIn	Sino-French_War
Southern_Rhodesia	participatedIn	East_African_Campaign_(World_War_I)
Portugal	participatedIn	Ottoman–Venetian_War_(1714–18)
Holy_Roman_Empire	participatedIn	Battle_of_Saint_Gotthard_(1664)
Ottoman_Empire	participatedIn	Caucasus_Campaign
Soviet_Union	participatedIn	Second_Battle_of_Kharkov
Serbian_Despotate	participatedIn	Little_War_in_Hungary
Iraqi_Army	participatedIn	1991_uprising_in_Karbala
New_Zealand	participatedIn	Operation_Overlord
Albania	participatedIn	Kosovo_War
Principality_of_Transylvania_(1570–1711)	participatedIn	Battle_of_Keresztes
Dutch_Republic	participatedIn	Second_Anglo-Mysore_War
Kingdom_of_Italy	participatedIn	Second_Battle_of_Kharkov
Germany	participatedIn	NATO_bombing_of_Yugoslavia
United_States	participatedIn	North_African_Campaign
Wallachia	participatedIn	Ottoman–Habsburg_wars
Russian_Soviet_Federative_Socialist_Republic	participatedIn	Finnish_Civil_War
Electorate_of_Bavaria	participatedIn	Battle_of_Pfaffenhofen
Tonga	participatedIn	War_on_Terror
Empire_of_Brazil	participatedIn	Pikysyry_maneuver
Nazi_Germany	participatedIn	Battle_of_the_Caribbean
Norway	participatedIn	Operation_Harekate_Yolo
Puntland	participatedIn	War_in_Somalia_(2009–present)
French_First_Republic	participatedIn	Flanders_Campaign
Goryeo	participatedIn	Mongol_invasions_of_Japan
Portugal	participatedIn	Battle_of_Ponta_Delgada
Philippine_Constabulary	participatedIn	Jalajala,_Rizal
National_Party_(Uruguay)	participatedIn	Platine_War
Kingdom_of_France	participatedIn	Battle_of_Blenheim
Spain	participatedIn	War_of_the_First_Coalition
Mengjiang	participatedIn	Pacific_War
Holy_Roman_Empire	participatedIn	Siege_of_Acre_(1189–91)
Kingdom_of_Prussia	participatedIn	Battle_of_Torgau
Sweden	participatedIn	Korean_War
Roman_Republic	participatedIn	Battle_of_Herdonia_(210_BC)
British_Empire	participatedIn	East_African_Campaign_(World_War_I)
Austria-Hungary	participatedIn	Great_War_(Harry_Turtledove)
Taiwan	participatedIn	1959_Tibetan_uprising
First_French_Empire	participatedIn	Battle_of_Wagram
Ottoman_Empire	participatedIn	Battle_of_Cecora_(1620)
Syria	participatedIn	Syro-Ephraimite_War
Bavaria	participatedIn	Battle_of_Mohács
Habsburg_Monarchy	participatedIn	Battle_of_Blenheim
Russian_Empire	participatedIn	Russo-Persian_War_(1804–13)
Hanau	participatedIn	Battle_of_Bennington
Royal_Air_Force	participatedIn	Omaha_Beach
Kingdom_of_England	participatedIn	Franco-Dutch_War
Spain	participatedIn	Battle_of_Marsaglia
Union_(American_Civil_War)	participatedIn	Battle_of_Fort_Donelson
Portugal	participatedIn	Battle_of_the_Lys_(1918)
Kurdistan_Democratic_Party	participatedIn	Turkey–PKK_conflict
Pergamon	participatedIn	Roman–Syrian_War
Baden	participatedIn	Battle_of_Cambrai_(1917)
Duchy_of_Warsaw	participatedIn	Battle_of_Berezina
Puntland	participatedIn	Advance_of_the_Islamic_Courts_Union
Australia	participatedIn	Battle_of_St._Quentin_Canal
British_Raj	participatedIn	Middle_Eastern_theatre_of_World_War_I
Kingdom_of_Prussia	participatedIn	Battle_of_Lobositz
Austrian_Empire	participatedIn	Battle_of_Dürenstein
Kingdom_of_England	participatedIn	Second_Anglo-Dutch_War
Austrian_Empire	participatedIn	Battle_of_Tolentino
Athens	participatedIn	Ionian_Revolt
Bahrain	participatedIn	War_on_Terror
British_Empire	participatedIn	Pacific_War
East_India_Company	participatedIn	Third_Anglo-Mysore_War
Cossack_Hetmanate	participatedIn	Austro-Russian–Turkish_War_(1735–39)
United_Kingdom	participatedIn	Battle_of_Inchon
Canada	participatedIn	Normandy_landings
United_States	participatedIn	Guadalcanal_Campaign
German_Empire	participatedIn	Battle_of_Moon_Sound
New_Zealand	participatedIn	War_in_Afghanistan_(2001–present)
Confederation_of_the_Rhine	participatedIn	War_of_the_Fourth_Coalition
First_French_Empire	participatedIn	Peninsular_War
Rhodes	participatedIn	Battle_of_Chios_(201_BC)
Kingdom_of_France	participatedIn	Battle_of_Warburg
Cappadocia	participatedIn	Antony's_Parthian_War
Principality_of_Brunswick-Wolfenbüttel	participatedIn	Battle_of_Warburg
Holy_Roman_Empire	participatedIn	Fourth_Crusade
Charles_V,_Holy_Roman_Emperor	participatedIn	Conquest_of_Tunis_(1535)
Spain	participatedIn	War_of_1812
Ottoman_Empire	participatedIn	Polish–Ottoman_War_(1620–21)
Kingdom_of_Italy	participatedIn	Greek_Resistance
Czech_Republic	participatedIn	War_in_Afghanistan_(2001–present)
Djibouti	participatedIn	Operation_Enduring_Freedom
Soviet_Union	participatedIn	Shaba_I
Cuba	participatedIn	Battle_of_the_Caribbean
County_of_Flanders	participatedIn	Fifth_Crusade
Australia	participatedIn	Battle_of_Java_(1942)
Kingdom_of_England	participatedIn	Uskok_War
First_French_Empire	participatedIn	Battle_of_Montereau
Netherlands	participatedIn	Borneo_campaign_(1945)
International_Security_Assistance_Force	participatedIn	War_in_Afghanistan_(2001–present)
Belgium	participatedIn	Western_Front_(World_War_I)
County_of_Namur	participatedIn	Battle_of_Baesweiler
Kingdom_of_Hungary	participatedIn	Battle_of_Mühlberg
Zambia	participatedIn	Mozambican_War_of_Independence
United_States	participatedIn	Battle_of_Chosin_Reservoir
Soviet_Union	participatedIn	Eritrean_War_of_Independence
Ottoman_Empire	participatedIn	Battle_of_Zenta
German_Empire	participatedIn	East_African_Campaign_(World_War_I)
United_States	participatedIn	Battle_of_Amiens_(1918)
Nazi_Germany	participatedIn	Syria–Lebanon_Campaign
Habsburg_Monarchy	participatedIn	Battle_of_Villaviciosa
Holy_Roman_Empire	participatedIn	War_of_the_Third_Coalition
Ukraine	participatedIn	Operation_Active_Endeavour
United_Kingdom	participatedIn	Western_Front_(World_War_II)
Axis_powers	participatedIn	Prague_Offensive
Habsburg_Monarchy	participatedIn	Ottoman–Habsburg_wars
British_Empire	participatedIn	Philippine_Revolution
British_Empire	participatedIn	Western_Desert_Campaign
France	participatedIn	Iran–Iraq_War
Axis_powers	participatedIn	Battle_of_the_Caribbean
German_Empire	participatedIn	Ukrainian_War_of_Independence
Habsburg_Monarchy	participatedIn	Battle_of_Petrovaradin
British_Raj	participatedIn	European_theatre_of_World_War_I
Australia	participatedIn	Iraqi_no-fly_zones
Canada	participatedIn	War_on_Terror
Denmark	participatedIn	First_Schleswig_War
Ottoman_Empire	participatedIn	Battle_of_Buda_(1686)
Tsardom_of_Russia	participatedIn	Second_Northern_War
Algeria	participatedIn	Sand_War
Kingdom_of_Bohemia	participatedIn	Battle_of_Crécy
Qing_dynasty	participatedIn	Boxer_Rebellion
Dutch_Republic	participatedIn	Battle_of_Landen
United_Kingdom	participatedIn	Battle_of_Cape_Matapan
Maratha_Empire	participatedIn	Battle_of_Panipat_(1761)
Islamic_Courts_Union	participatedIn	Operation_Enduring_Freedom_–_Horn_of_Africa
United_States	participatedIn	Battle_of_South_Mountain
Kingdom_of_Bavaria	participatedIn	Battle_of_Bar-sur-Aube
United_Nations	participatedIn	Battle_of_Heartbreak_Ridge
Nazi_Germany	participatedIn	Dodecanese_Campaign
Republic_of_Florence	participatedIn	Italian_War_of_1494–98
Ottoman_Empire	participatedIn	Italian_Wars
Kingdom_of_Hungary	participatedIn	Battle_of_Buda_(1686)
Moldavia	participatedIn	Battle_of_Saint_Gotthard_(1664)
Kingdom_of_France	participatedIn	Battle_of_St._Quentin_(1557)
Angevin_Empire	participatedIn	Third_Crusade
Corrientes_Province	participatedIn	Battle_of_Caseros
Empire_of_Japan	participatedIn	American_Theater_(World_War_II)
Canada	participatedIn	Neelie_Kroes
Kingdom_of_England	participatedIn	Four_Days'_Battle
Republic_of_Genoa	participatedIn	Byzantine–Ottoman_Wars
Russian_Empire	participatedIn	Vlieter_Incident
Grand_Duchy_of_Tuscany	participatedIn	Battle_of_Lepanto
Iran	participatedIn	Nicaraguan_Revolution
United_Kingdom_of_the_Netherlands	participatedIn	Battle_of_Waterloo
Liberia	participatedIn	Settling_Accounts
Kingdom_of_Hungary	participatedIn	Operation_Barbarossa
Kurdistan_Democratic_Party	participatedIn	2003_invasion_of_Iraq
Spain	participatedIn	Kosovo_War
Electorate_of_Saxony	participatedIn	Battle_of_Kalisz
British_Raj	participatedIn	Burma_Campaign
Kingdom_of_France	participatedIn	War_of_the_Quadruple_Alliance
Duchy_of_Savoy	participatedIn	Siege_of_Neuss
Commonwealth_of_the_Philippines	participatedIn	Battle_of_Leyte
Empire_of_Brazil	participatedIn	Great_War_(Harry_Turtledove)
Qajar_dynasty	participatedIn	Russo-Persian_War_(1826–28)
Spanish_Empire	participatedIn	Finnish_War
Kingdom_of_Romania	participatedIn	Operation_Little_Saturn
Colonial_Fiji	participatedIn	Solomon_Islands_campaign
Ethiopia	participatedIn	Advance_of_the_Islamic_Courts_Union
Belgium	participatedIn	Battle_of_France
United_Kingdom	participatedIn	Indonesian_occupation_of_East_Timor
Kingdom_of_England	participatedIn	Battle_of_Vigo_Bay
Empire_of_Japan	participatedIn	Indian_Ocean_raid
United_States	participatedIn	Soviet_war_in_Afghanistan
Habsburg_Monarchy	participatedIn	Battle_of_Hochkirch
Kingdom_of_Bavaria	participatedIn	Battle_of_Arcis-sur-Aube
German_Empire	participatedIn	Hundred_Days_Offensive
Jordan	participatedIn	Arab–Israeli_conflict
Kingdom_of_France	participatedIn	Battle_of_Almansa
Achaemenid_Empire	participatedIn	Battle_of_Aegospotami
Papal_States	participatedIn	Ottoman_wars_in_Europe
United_Kingdom	participatedIn	Battle_of_Timor
Philip_V_of_Spain	participatedIn	Battle_of_Chiari
Kingdom_of_Hungary	participatedIn	Battle_of_Keresztes
Crimean_Khanate	participatedIn	Polish–Ottoman_War_(1672–76)
Bavaria	participatedIn	Battle_of_Messines_(1917)
Taiwan	participatedIn	Salvadoran_Civil_War
United_Kingdom	participatedIn	Battle_of_the_Scheldt
Kingdom_of_Sicily	participatedIn	War_of_the_Austrian_Succession
Kingdom_of_Holland	participatedIn	Napoleonic_Wars
United_States	participatedIn	Allied_invasion_of_Sicily
Ottoman_Empire	participatedIn	Little_War_in_Hungary
Poland	participatedIn	Operation_Tractable
British_Ceylon	participatedIn	Second_Boer_War
Papal_States	participatedIn	Little_War_in_Hungary
Kingdom_of_Greece	participatedIn	Allied_intervention_in_the_Russian_Civil_War
Armenia	participatedIn	Persian_Campaign
Kingdom_of_Bohemia	participatedIn	Second_Margrave_War
India	participatedIn	Civil_war_in_Afghanistan_(1996–2001)
Liberia	participatedIn	Sierra_Leone_Civil_War
England	participatedIn	Battle_of_Fleurus_(1690)
United_Arab_Emirates	participatedIn	Dhofar_Rebellion
Kingdom_of_Castile	participatedIn	Second_Crusade
Electorate_of_Brunswick-Lüneburg	participatedIn	Great_Siege_of_Gibraltar
Canada	participatedIn	Operation_Medusa
Italy	participatedIn	War_in_Afghanistan_(2001–present)
Soviet_Union	participatedIn	Insurgency_in_Laos
Ottoman_Empire	participatedIn	Italian_War_of_1536–38
United_States	participatedIn	Battle_of_the_Bulge
Denmark–Norway	participatedIn	Second_Northern_War
Württemberg	participatedIn	Battle_of_the_Somme
Afghanistan	participatedIn	Operation_Enduring_Freedom
Brazil	participatedIn	Gothic_Line
Duchy_of_Brunswick	participatedIn	Hundred_Days
Kingdom_of_Greece	participatedIn	Ukrainian_War_of_Independence
German_Empire	participatedIn	Battle_of_Jerusalem_(1917)
New_Zealand	participatedIn	Invasion_of_Normandy
Seychelles	participatedIn	Operation_Enduring_Freedom
Azerbaijan_Democratic_Republic	participatedIn	Armenian–Azerbaijani_War
Hungary	participatedIn	Operation_Desert_Thunder
Jordan	participatedIn	Yom_Kippur_War
British_Empire	participatedIn	Boxer_Rebellion
Prussia	participatedIn	First_Schleswig_War
Thailand	participatedIn	Insurgency_in_Laos
Augustus_III_of_Poland	participatedIn	War_of_the_Polish_Succession
Kingdom_of_Portugal	participatedIn	Battle_of_Aljubarrota
West_Germany	participatedIn	South_Yemen
Prussia	participatedIn	Siege_of_Stralsund_(1711–15)
Nazi_Germany	participatedIn	Sword_Beach
Enlightenment_in_Spain	participatedIn	American_Revolutionary_War
Kingdom_of_Croatia_(Habsburg)	participatedIn	Ottoman–Habsburg_wars
Schweinfurt	participatedIn	Second_Margrave_War
Crown_of_Aragon	participatedIn	Battle_of_Las_Navas_de_Tolosa
United_Kingdom	participatedIn	Battle_of_Borneo_(1941–42)
Kingdom_of_Sicily	participatedIn	War_of_the_Sixth_Coalition
Spain	participatedIn	Battle_of_Seneffe
Habsburg_Monarchy	participatedIn	Battle_of_Leuthen
Frisia	participatedIn	Fifth_Crusade
Panama	participatedIn	Nicaraguan_Revolution
Soviet_Union	participatedIn	Portuguese_Colonial_War
Kingdom_of_Laos	participatedIn	Laotian_Civil_War
Syria	participatedIn	Arab–Israeli_conflict
Styria	participatedIn	Battle_on_the_Marchfeld
Kingdom_of_Naples	participatedIn	1814_campaign_in_France
Denmark–Norway	participatedIn	War_of_the_Second_Coalition
Soviet_Union	participatedIn	1993_Russian_constitutional_crisis
Austrian_Empire	participatedIn	Hungarian_Revolution_of_1848
Kingdom_of_Romania	participatedIn	Eastern_Front_(World_War_I)
Cuba	participatedIn	Congo_Crisis
Beirut	participatedIn	War_of_the_Lombards
Crown_of_Aragon	participatedIn	War_of_the_Sicilian_Vespers
United_Kingdom	participatedIn	Battle_of_Poljana
Habsburg_Spain	participatedIn	Conquest_of_Tunis_(1535)
Kingdom_of_Italy_(Napoleonic)	participatedIn	Battle_of_the_Mincio_River_(1814)
Free_French_Forces	participatedIn	Tunisia_Campaign
Hungary	participatedIn	Operation_Harekate_Yolo
Byzantine_Empire	participatedIn	Byzantine–Norman_wars
Canada	participatedIn	Caucasus_Campaign
Knights_Templar	participatedIn	War_of_the_Lombards
Electorate_of_Bavaria	participatedIn	Battle_of_Hohenlinden
Colombia	participatedIn	Mexican_Drug_War
Habsburg_Monarchy	participatedIn	Siege_of_Mainz_(1793)
Albania	participatedIn	Operation_Active_Endeavour
Habsburg_Spain	participatedIn	Battle_of_Bicocca
Australia	participatedIn	Battle_of_Leyte_Gulf
United_States	participatedIn	Iran–Iraq_War
Portugal	participatedIn	Hundred_Days
Kingdom_of_England	participatedIn	Battle_of_Saint-Mathieu
Prussia	participatedIn	Battle_of_Kloster_Kampen
British_Raj	participatedIn	Second_Battle_of_El_Alamein
Kingdom_of_Portugal	participatedIn	War_of_the_Sixth_Coalition
Cologne	participatedIn	Fifth_Crusade
Gaza_Strip	participatedIn	Gaza–Israel_conflict
German_Empire	participatedIn	Arab_Revolt
Estado_Novo_(Portugal)	participatedIn	Rhodesian_Bush_War
Landgraviate_of_Hesse-Kassel	participatedIn	Battle_of_Bergen_(1759)
Principality_of_Schaumburg-Lippe	participatedIn	Seven_Years'_War
Canada	participatedIn	Operation_Enduring_Freedom_–_Trans_Sahara
Polish–Lithuanian_Commonwealth	participatedIn	Polish–Ottoman_War_(1620–21)
Kingdom_of_Great_Britain	participatedIn	Battle_of_Bergen_(1799)
Prussia	participatedIn	French_Revolutionary_Wars
Republika_Srpska	participatedIn	Operation_Deliberate_Force
Union_of_South_Africa	participatedIn	North_African_Campaign
Kingdom_of_England	participatedIn	Thirty_Years'_War
France	participatedIn	Congo_Crisis
Somali_Democratic_Republic	participatedIn	Ethio-Somali_War
Kilusang_Bagong_Lipunan	participatedIn	People_Power_Revolution
Kingdom_of_France	participatedIn	Battle_of_Bergen_(1759)
Dutch_Republic	participatedIn	American_Revolutionary_War
Palestine_Liberation_Organization	participatedIn	War_of_Attrition
Nazi_Germany	participatedIn	Operation_Little_Saturn
Anglo-Egyptian_Sudan	participatedIn	1948_Arab–Israeli_War
Democratic_Republic_of_Georgia	participatedIn	Turkish_War_of_Independence
Norway	participatedIn	Battles_of_Narvik
France	participatedIn	International_Force_for_East_Timor
Philippines	participatedIn	Battle_of_the_Imjin_River
South_Korea	participatedIn	Tet_Offensive
United_States	participatedIn	Battle_of_the_Atlantic
County_of_Flanders	participatedIn	Conquest_of_Tunis_(1535)
Kingdom_of_Bavaria	participatedIn	Napoleonic_Wars
Kingdom_of_Italy	participatedIn	American_Theater_(World_War_II)
Kingdom_of_Iraq	participatedIn	1948_Arab–Israeli_War
Singapore	participatedIn	War_in_Afghanistan_(2001–present)
France_in_the_Middle_Ages	participatedIn	Fifth_Crusade
Venezuela	participatedIn	Colombian_conflict_(1964–present)
Canada	participatedIn	European_theatre_of_World_War_II
Sparta	participatedIn	Sicilian_Expedition
Habsburg_Monarchy	participatedIn	Battle_of_Landeshut_(1760)
Croatia	participatedIn	European_theatre_of_World_War_II
Kingdom_of_Hungary_(1526–1867)	participatedIn	Battle_of_Breitenfeld_(1631)
Syria	participatedIn	Macauley_Chrisantus
New_Zealand	participatedIn	North_African_Campaign
Kingdom_of_Bavaria	participatedIn	Battle_of_Wissembourg_(1870)
Byzantine_Empire	participatedIn	Muslim_conquest_of_the_Levant
Hama	participatedIn	Battle_of_Qarqar
Kingdom_of_Hejaz	participatedIn	Arab_Revolt
United_States	participatedIn	Ruhr_Pocket
Holy_Roman_Empire	participatedIn	Battle_of_Calven
Denmark	participatedIn	Battle_of_Ramillies
Australia	participatedIn	Operation_Overlord
Afghanistan	participatedIn	Operation_Harekate_Yolo
Cuba	participatedIn	Sand_War
United_States	participatedIn	Blockade_of_Germany
Holy_Roman_Empire	participatedIn	Italian_Wars
Azerbaijan	participatedIn	War_on_Terror
Azerbaijan_Soviet_Socialist_Republic	participatedIn	1991_Soviet_coup_d'état_attempt
United_Kingdom	participatedIn	Burma_Campaign
Electorate_of_Brunswick-Lüneburg	participatedIn	Battle_of_Hastenbeck
Electorate_of_Bavaria	participatedIn	Battle_of_Nördlingen_(1634)
Romania	participatedIn	War_in_Afghanistan_(2001–present)
India	participatedIn	Operation_Enduring_Freedom
Israel	participatedIn	Israeli–Lebanese_conflict
Spain	participatedIn	Ottoman–Venetian_War_(1714–18)
United_Kingdom	participatedIn	1936–39_Arab_revolt_in_Palestine
United_Kingdom	participatedIn	Race_to_the_Sea
United_Kingdom	participatedIn	Second_Battle_of_Ypres
Uzbekistan	participatedIn	Civil_war_in_Afghanistan_(1992–96)
Kingdom_of_Great_Britain	participatedIn	Battle_of_Oudenarde
Kingdom_of_Bavaria	participatedIn	1814_campaign_in_France
Kingdom_of_France	participatedIn	War_of_the_League_of_Cognac
United_Kingdom	participatedIn	Battle_of_Okinawa
Kingdom_of_Italy	participatedIn	Battle_of_the_Mediterranean
Abbasid_Caliphate	participatedIn	Mongol_invasions_of_the_Levant
Cuba	participatedIn	Colombian_conflict_(1964–present)
Thailand	participatedIn	Western_Front_(World_War_I)
France_in_the_Middle_Ages	participatedIn	Battle_of_Nicopolis
United_States	participatedIn	Boxer_Rebellion
Ottoman_Empire	participatedIn	Ottoman–Venetian_War_(1570–73)
Botswana	participatedIn	Unified_Task_Force
Nazi_Germany	participatedIn	Operation_Bagration
Russian_Empire	participatedIn	Battle_of_Arcis-sur-Aube
Norway	participatedIn	Western_Front_(World_War_II)
Popular_Front_for_the_Liberation_of_Palestine	participatedIn	Second_Intifada
Kingdom_of_Italy	participatedIn	Balkan_Campaign_(World_War_II)
Kingdom_of_Italy	participatedIn	Operation_Crusader
Kingdom_of_England	participatedIn	War_of_the_Two_Peters
China	participatedIn	Namibian_War_of_Independence
Habsburg_Spain	participatedIn	Italian_War_of_1521–26
Sweden	participatedIn	Russo-Swedish_War_(1741–43)
Prussia	participatedIn	Battle_of_Jena–Auerstedt
Second_French_Empire	participatedIn	Franco-Prussian_War
Prussia	participatedIn	Hundred_Days
Principality_of_Brunswick-Wolfenbüttel	participatedIn	Battle_of_Waterloo
Greece	participatedIn	War_on_Terror
First_Portuguese_Republic	participatedIn	East_African_Campaign_(World_War_I)
Norway	participatedIn	NATO_bombing_of_Yugoslavia
Malawi	participatedIn	Portuguese_Colonial_War
Russian_Empire	participatedIn	Persian_Campaign
German_South-West_Africa	participatedIn	South-West_Africa_Campaign
Kingdom_of_France	participatedIn	Seven_Years'_War
Kazakhstan	participatedIn	Operation_Enduring_Freedom_–_Horn_of_Africa
Russian_Empire	participatedIn	Battle_of_Kunersdorf
Byzantine_Empire	participatedIn	Third_Crusade
United_States	participatedIn	United_States_Exploring_Expedition
Kingdom_of_Sicily	participatedIn	War_of_the_Sicilian_Vespers
Abbasid_Caliphate	participatedIn	Byzantine–Arab_wars_(780–1180)
German_Empire	participatedIn	Race_to_the_Sea
Russia	participatedIn	Operation_Enduring_Freedom
Kingdom_of_Armenia_(antiquity)	participatedIn	Antony's_Parthian_War
Electorate_of_Saxony	participatedIn	War_of_the_Polish_Succession
Russian_Soviet_Federative_Socialist_Republic	participatedIn	Ukrainian_War_of_Independence
Kingdom_of_Jerusalem	participatedIn	Battle_of_Shaizar
United_Kingdom	participatedIn	Second_Battle_of_Artois
Austrian_Empire	participatedIn	Battle_of_Dresden
Italian_Social_Republic	participatedIn	Gothic_Line
Boeotia	participatedIn	Third_Sacred_War
Kingdom_of_Romania	participatedIn	Case_Blue
United_States	participatedIn	New_Guinea_campaign
Netherlands	participatedIn	Operation_Achilles
Kingdom_of_Great_Britain	participatedIn	Fort_Lee_Historic_Park
Second_Polish_Republic	participatedIn	Soviet_invasion_of_Poland
Ilkhanate	participatedIn	Mongol_invasions_of_Georgia
Sudan	participatedIn	Nigerian_Civil_War
Iraq	participatedIn	Battle_of_Najaf_(2003)
Kingdom_of_England	participatedIn	Holmes's_Bonfire
United_States	participatedIn	Kosovo_War
Kazakhstan	participatedIn	Operation_Enduring_Freedom
Parthian_Empire	participatedIn	Roman–Parthian_Wars
Kingdom_of_England	participatedIn	Battle_of_Crécy
Russian_Republic	participatedIn	October_Revolution
Australia	participatedIn	Battle_of_Rabaul_(1942)
Carthage	participatedIn	Battle_of_the_Great_Plains
Ireland	participatedIn	War_in_Afghanistan_(2001–present)
Novgorod_Republic	participatedIn	Battle_of_the_Ice
Kingdom_of_Italy	participatedIn	Italo-Turkish_War
French_First_Republic	participatedIn	Battle_of_the_Pyramids
Kingdom_of_Italy_(Napoleonic)	participatedIn	War_of_the_Fifth_Coalition
German_Empire	participatedIn	Battle_of_Cambrai_(1917)
Kingdom_of_Holland	participatedIn	Siege_of_Kolberg_(1807)
UNITA	participatedIn	Namibian_War_of_Independence
Kingdom_of_England	participatedIn	Battle_of_Castillon
Rostov	participatedIn	Mongol_invasion_of_Rus'
Popular_Front_for_the_Liberation_of_Palestine	participatedIn	First_Intifada
Kingdom_of_Scotland	participatedIn	Italian_Wars
Republic_of_Genoa	participatedIn	Ottoman–Venetian_War_(1570–73)
Yugoslav_Partisans	participatedIn	Eastern_Front_(World_War_II)
Kingdom_of_Portugal	participatedIn	Ottoman_wars_in_Europe
Denmark–Norway	participatedIn	French_Revolutionary_Wars
Costa_Rica	participatedIn	United_States_occupation_of_the_Dominican_Republic_(1965–66)
Ottoman_Empire	participatedIn	Battle_of_Mohács
People's_Republic_of_Bulgaria	participatedIn	Korean_War
Austria	participatedIn	War_on_Terror
Argos	participatedIn	First_Peloponnesian_War
Macedonia_(ancient_kingdom)	participatedIn	Cretan_War_(205–200_BC)
Kingdom_of_Greece	participatedIn	Second_Battle_of_El_Alamein
United_Kingdom	participatedIn	Allied_intervention_in_the_Russian_Civil_War
United_States	participatedIn	Operation_Torch
Qing_dynasty	participatedIn	Ten_Great_Campaigns
Dutch_Republic	participatedIn	Uskok_War
Indonesia	participatedIn	Operation_Enduring_Freedom
United_States	participatedIn	Tunisia_Campaign
Sweden	participatedIn	Seven_Years'_War
Canada	participatedIn	Unified_Task_Force
Kingdom_of_Sicily	participatedIn	Ottoman–Venetian_War_(1570–73)
Electorate_of_Saxony	participatedIn	Edict_of_Restitution
Duchy_of_Brabant	participatedIn	Battle_of_Baesweiler
Kingdom_of_France	participatedIn	Battle_of_Agnadello
Republic_of_Florence	participatedIn	Italian_Wars
United_States	participatedIn	South_Yemen
Norway	participatedIn	War_on_Terror
Australia	participatedIn	Battle_of_Greece
India	participatedIn	Unified_Task_Force
Luxembourg	participatedIn	Battle_of_the_Imjin_River
Dutch_Republic	participatedIn	Edict_of_Restitution
Free_French_Forces	participatedIn	Operation_Overlord
Nicaragua	participatedIn	United_States_occupation_of_the_Dominican_Republic_(1965–66)
United_Kingdom	participatedIn	Balkan_Campaign_(World_War_II)
Republic_of_China_(1912–49)	participatedIn	Jinzhou_Operation
Denmark–Norway	participatedIn	Edict_of_Restitution
United_States	participatedIn	Philippine_Revolution
Novgorod_Republic	participatedIn	Battle_of_Wesenberg_(1268)
United_States	participatedIn	1959_Tibetan_uprising
New_Zealand	participatedIn	Middle_Eastern_theatre_of_World_War_I
Kingdom_of_Great_Britain	participatedIn	Battle_of_Krefeld
United_States	participatedIn	Operation_Shingle
Hezbollah	participatedIn	Shia_insurgency_in_Yemen
Kingdom_of_France	participatedIn	War_of_the_Pyrenees
Soviet_Union	participatedIn	Georgian_Civil_War
Kingdom_of_Yugoslavia	participatedIn	Balkan_Campaign_(World_War_II)
Katipunan	participatedIn	Philippine_Revolution
Nazi_Germany	participatedIn	Operation_Crusader
New_Zealand	participatedIn	Western_Desert_Campaign
Portuguese_Angola	participatedIn	South-West_Africa_Campaign
Seychelles	participatedIn	Operation_Enduring_Freedom_–_Horn_of_Africa
Nicaragua	participatedIn	War_on_Terror
Austria-Hungary	participatedIn	Brusilov_Offensive
Soviet_Union	participatedIn	Namibian_War_of_Independence
State_of_Burma	participatedIn	South-East_Asian_theatre_of_World_War_II
Uzbekistan	participatedIn	Civil_war_in_Tajikistan
Belgium	participatedIn	East_African_Campaign_(World_War_II)
Viet_Cong	participatedIn	Operation_Menu
Spain	participatedIn	English_Armada
Holy_Roman_Empire	participatedIn	Battle_of_Lützen_(1632)
Ottoman_Empire	participatedIn	Battle_of_Megiddo_(1918)
Duchy_of_Savoy	participatedIn	Italian_War_of_1551–59
Russian_Empire	participatedIn	Battle_of_Dresden
Kingdom_of_France	participatedIn	Siege_of_Damascus_(1148)
Dutch_Republic	participatedIn	War_of_the_Quadruple_Alliance
Unterwalden	participatedIn	Battle_of_Arbedo
Republic_of_the_Congo	participatedIn	Angolan_War_of_Independence
Kingdom_of_Greece	participatedIn	Battle_of_the_Mediterranean
Kingdom_of_France	participatedIn	Cretan_War_(1645–69)
United_Kingdom	participatedIn	Siege_of_Malta_(World_War_II)
Kingdom_of_Great_Britain	participatedIn	Siege_of_Toulon
Kingdom_of_Great_Britain	participatedIn	Vlieter_Incident
First_Republic_of_Armenia	participatedIn	Armenian–Azerbaijani_War
Ottoman_Empire	participatedIn	Siege_of_Vienna
Commonwealth_of_the_Philippines	participatedIn	Nampicuan,_Nueva_Ecija
Australia	participatedIn	Western_Front_(World_War_II)
Free_French_Forces	participatedIn	Normandy_landings
Nazi_Germany	participatedIn	Italian_Campaign_(World_War_II)
Livonian_Order	participatedIn	Battle_of_Wesenberg_(1268)
Nazi_Germany	participatedIn	Battle_of_Stalingrad
Kingdom_of_Württemberg	participatedIn	1814_campaign_in_France
Imperial_Japanese_Army	participatedIn	Zamboanga_(province)
Kenya	participatedIn	Operation_Enduring_Freedom
Hesse	participatedIn	Fort_Lee_Historic_Park
Duchy_of_Burgundy	participatedIn	Crusade_of_1101
Polish–Lithuanian_Commonwealth	participatedIn	Battle_of_Zhovti_Vody
Kingdom_of_Sicily	participatedIn	War_of_the_Fifth_Coalition
Athens	participatedIn	Battle_of_Aegospotami
Ukrainian_Soviet_Socialist_Republic	participatedIn	Polish–Soviet_War
Holy_Roman_Empire	participatedIn	Battle_of_Bicocca
Croatia	participatedIn	Battle_of_Mohács_(1687)
French_First_Republic	participatedIn	Siege_of_Toulon
Roman_Empire	participatedIn	Roman–Persian_Wars
Nazi_Germany	participatedIn	Siege_of_Leningrad
Denmark–Norway	participatedIn	Franco-Dutch_War
Ottoman_Empire	participatedIn	Ottoman–Hungarian_Wars
Canada	participatedIn	Battle_of_the_Imjin_River
Mamluk_Sultanate_(Cairo)	participatedIn	Battle_of_Diu_(1509)
United_Kingdom	participatedIn	NATO_bombing_of_Yugoslavia
Electoral_Palatinate	participatedIn	Battle_of_Speyerbach
Nazi_Germany	participatedIn	Western_Desert_Campaign
Australia	participatedIn	Indian_Ocean_raid
Central_Powers	participatedIn	Great_War_(Harry_Turtledove)
Holy_Roman_Empire	participatedIn	War_of_the_Second_Coalition
Burma	participatedIn	People's_General
Israel	participatedIn	Guatemalan_Civil_War
Union_of_South_Africa	participatedIn	Western_Front_(World_War_I)
United_States	participatedIn	How_Few_Remain
Democratic_Republic_of_Georgia	participatedIn	Armenian_national_liberation_movement
Kingdom_of_England	participatedIn	Italian_War_of_1521–26
Fribourg	participatedIn	Battle_of_Laupen
Egypt	participatedIn	Congo_Crisis
Puntland	participatedIn	War_in_Somalia_(2006–09)
Afghan_National_Army	participatedIn	Operation_Achilles
Kingdom_of_France	participatedIn	Italian_War_of_1521–26
Holy_Roman_Empire	participatedIn	Battle_of_Keresztes
Israel	participatedIn	First_Sudanese_Civil_War
Crimean_Khanate	participatedIn	Austro-Russian–Turkish_War_(1735–39)
Moldavia	participatedIn	Lithuanian_Civil_War_(1431–35)
Soviet_Union	participatedIn	Civil_war_in_Afghanistan_(1989–92)
First_French_Empire	participatedIn	Battle_of_Arcis-sur-Aube
First_French_Empire	participatedIn	Siege_of_Kolberg_(1807)
Arcadia	participatedIn	Battle_of_Mantinea_(362_BC)
French_Third_Republic	participatedIn	Siberian_Intervention
Bulgaria	participatedIn	Angolan_War_of_Independence
Holy_Roman_Empire	participatedIn	Battle_on_the_Marchfeld
Estonia	participatedIn	1991_Soviet_coup_d'état_attempt
Russian_Republic	participatedIn	Battle_of_Moon_Sound
United_Kingdom	participatedIn	Iran–Iraq_War
Spanish_Empire	participatedIn	French_Revolutionary_Wars
Axis_powers	participatedIn	Operation_Rösselsprung_(1944)
People's_Republic_of_Bulgaria	participatedIn	Vietnam_War
Polish_Armed_Forces_in_the_West	participatedIn	Siege_of_Tobruk
Wallachia	participatedIn	Ottoman_wars_in_Europe
United_States	participatedIn	Ethiopian_Civil_War
Poland	participatedIn	Operation_Achilles
Entre_Rios	participatedIn	Platine_War
Upper_Canada	participatedIn	Hunters'_Lodges
Spain	participatedIn	Battle_of_Preveza
Nazi_Germany	participatedIn	Siege_of_Tobruk
Mandatory_Palestine	participatedIn	Anglo-Iraqi_War
Indonesia	participatedIn	War_on_Terror
Thebes,_Greece	participatedIn	Battle_of_Mantinea_(362_BC)
People's_Republic_of_Bulgaria	participatedIn	Ethio-Somali_War
Empire_of_Japan	participatedIn	Aleutian_Islands_Campaign
Viet_Cong	participatedIn	Cambodian_Civil_War
Ottoman_Empire	participatedIn	Battle_of_Kosovo
Ottoman_Empire	participatedIn	Russo-Turkish_War_(1686–1700)
New_Zealand	participatedIn	Battle_of_Pusan_Perimeter
United_States	participatedIn	Battle_of_Monte_Cassino
British_Empire	participatedIn	Battle_of_Jerusalem_(1917)
Lithuania	participatedIn	War_in_Afghanistan_(2001–present)
Kingdom_of_France	participatedIn	Third_Anglo-Dutch_War
South_Korea	participatedIn	Battle_of_Inchon
Cuba	participatedIn	Guatemalan_Civil_War
Portuguese_Empire	participatedIn	Finnish_War
Chile	participatedIn	Battle_of_Ayacucho
Chechen_Republic_of_Ichkeria	participatedIn	First_Chechen_War
Second_Polish_Republic	participatedIn	Russian_Civil_War
Canada	participatedIn	Operation_Overlord
Nigeria	participatedIn	War_in_Somalia_(2006–09)
Dutch_Republic	participatedIn	Battle_of_Almansa
Empire_of_Japan	participatedIn	Battle_of_Okinawa
Electorate_of_Bavaria	participatedIn	Battle_of_Mohács_(1687)
Mandatory_Palestine	participatedIn	Syria–Lebanon_Campaign
Landgraviate_of_Hesse-Kassel	participatedIn	Battle_of_Wilhelmsthal
Kingdom_of_Bulgaria	participatedIn	Eastern_Front_(World_War_II)
Holy_Roman_Empire	participatedIn	Battle_of_Blenheim
Empire_of_Japan	participatedIn	Solomon_Islands_campaign
Empire_of_Japan	participatedIn	Boxer_Rebellion
Greece	participatedIn	Operation_Atalanta
Kingdom_of_England	participatedIn	Battle_of_Ramillies
Denmark	participatedIn	Operation_Active_Endeavour
Bavaria	participatedIn	Battle_of_La_Rothière
Holy_Roman_Empire	participatedIn	Battle_of_Nicopolis
Empire_of_Japan	participatedIn	Soviet_invasion_of_Manchuria
Vichy_France	participatedIn	European_theatre_of_World_War_II
United_States	participatedIn	Unified_Task_Force
Habsburg_Spain	participatedIn	Battle_of_Pavia
Russian_Soviet_Federative_Socialist_Republic	participatedIn	Turkish_War_of_Independence
Morocco	participatedIn	Shia_insurgency_in_Yemen
Kingdom_of_Portugal	participatedIn	Battle_of_Villaviciosa
South_Korea	participatedIn	War_in_Afghanistan_(2001–present)
Sweden	participatedIn	Battle_of_Lens
Estonia	participatedIn	Helmand_province_campaign
United_States	participatedIn	Indian_Ocean_raid
Saudi_Arabia	participatedIn	Kashmir_conflict
Dutch_Republic	participatedIn	Battle_of_Ramillies
Israel	participatedIn	Ethio-Somali_War
Austria-Hungary	participatedIn	Gorlice–Tarnów_Offensive
First_French_Empire	participatedIn	Battle_of_Paris_(1814)
Brazilian_Navy	participatedIn	Paraguayan_War
Kingdom_of_León	participatedIn	Battle_of_Sagrajas
Duchy_of_Milan	participatedIn	Battle_of_Bicocca
Russian_Empire	participatedIn	Hundred_Days
Denmark–Norway	participatedIn	Second_Anglo-Dutch_War
Landgraviate_of_Hesse-Kassel	participatedIn	Fort_Lee_Historic_Park
Pakistan	participatedIn	Soviet_war_in_Afghanistan
Habsburg_Spain	participatedIn	Ottoman–Venetian_War_(1570–73)
Paraguay	participatedIn	United_States_occupation_of_the_Dominican_Republic_(1965–66)
Kingdom_of_Württemberg	participatedIn	Franco-Prussian_War
Belgium	participatedIn	Fifth_Battle_of_Ypres
Kingdom_of_Prussia	participatedIn	Battle_of_Dresden
Southern_Rhodesia	participatedIn	Western_Front_(World_War_I)
United_States	participatedIn	Portuguese_Colonial_War
Kingdom_of_Bavaria	participatedIn	First_Battle_of_Ypres
Habsburg_Monarchy	participatedIn	Battle_of_Torgau
British_Empire	participatedIn	Battle_of_Amiens_(1918)
French_Third_Republic	participatedIn	Second_Boer_War
Gold_Coast	participatedIn	Burma_Campaign
Luxembourg	participatedIn	Operation_Deliberate_Force
First_French_Empire	participatedIn	Battle_of_Dennewitz
Germany	participatedIn	War_on_Terror
Italy	participatedIn	Operation_Atalanta
Thirteen_Colonies	participatedIn	Battle_of_Bunker_Hill
County_of_Tripoli	participatedIn	Second_Crusade
Kingdom_of_Bavaria	participatedIn	War_of_the_Fifth_Coalition
Hamburg	participatedIn	Austro-Prussian_War
Royalist_(Spanish_American_Independence)	participatedIn	Admirable_Campaign
Prussia	participatedIn	Flanders_Campaign
Prussia	participatedIn	Battle_of_Valmy
Rhodesia	participatedIn	Mozambican_War_of_Independence
Portugal	participatedIn	Kosovo_War
Duchy_of_Savoy	participatedIn	Siege_of_Nice
Kingdom_of_Poland_(1025–1385)	participatedIn	First_Mongol_invasion_of_Poland
Azerbaijan	participatedIn	War_in_Afghanistan_(2001–present)
Morocco	participatedIn	Operation_Active_Endeavour
Libya	participatedIn	Moro_insurgency_in_the_Philippines
Azad_Hind	participatedIn	Burma_Campaign_1944
United_Kingdom	participatedIn	People's_General
Tsardom_of_Russia	participatedIn	Battle_of_Jakobstadt
Saxe-Weimar	participatedIn	Siege_of_Kolberg_(1807)
New_Zealand	participatedIn	Operation_Bodenplatte
Spain	participatedIn	Battle_of_Keresztes
United_States	participatedIn	Nicaraguan_Revolution
United_Kingdom	participatedIn	Battle_of_the_Mediterranean
El_Salvador	participatedIn	United_States_occupation_of_the_Dominican_Republic_(1965–66)
Egypt	participatedIn	Ethio-Somali_War
Kuwait	participatedIn	Middle_Eastern_theatre_of_World_War_I
Kingdom_of_Italy	participatedIn	Battle_of_Asiago
Electorate_of_Bavaria	participatedIn	Battle_of_Blenheim
Ottoman_Empire	participatedIn	Unification_of_Saudi_Arabia
Württemberg	participatedIn	Battle_of_the_Lys_(1918)
Austrian_Empire	participatedIn	Battle_of_Wagram
Russia	participatedIn	War_of_Transnistria
Greece	participatedIn	Tunisia_Campaign
South_African_Republic	participatedIn	Second_Boer_War
United_States	participatedIn	Jean-Michel_Basquiat
Kingdom_of_Italy	participatedIn	Eastern_Front_(World_War_II)
Commonwealth_of_England	participatedIn	Battle_of_the_Dunes_(1658)
Kingdom_of_Scotland	participatedIn	Revolt_of_1173–74
Kingdom_of_France	participatedIn	Battle_of_Malplaquet
United_Kingdom	participatedIn	Cabanagem
Kingdom_of_Bulgaria	participatedIn	Balkan_Wars
Judea	participatedIn	Antony's_Parthian_War
Netherlands	participatedIn	Battle_of_Borneo_(1941–42)
Kingdom_of_England	participatedIn	Battle_of_Cravant
China	participatedIn	Portuguese_Colonial_War
United_Kingdom	participatedIn	Operation_Bodenplatte
Habsburg_Monarchy	participatedIn	Flanders_Campaign
Kingdom_of_France	participatedIn	Nine_Years'_War
Wallachia	participatedIn	Battle_of_Breadfield
Bishopric_of_Utrecht	participatedIn	Battle_of_Vlaardingen
Portuguese_Mozambique	participatedIn	East_African_Campaign_(World_War_I)
New_Zealand	participatedIn	Battle_of_Megiddo_(1918)
Saxony	participatedIn	Italian_Wars
Spain	participatedIn	Operation_Atalanta
Kingdom_of_England	participatedIn	Battle_of_Ponta_Delgada
United_States	participatedIn	Battle_of_Williamsburg
First_French_Empire	participatedIn	Battle_of_Austerlitz
French_West_Africa	participatedIn	Turkish_War_of_Independence
Uruguay	participatedIn	Platine_War
Harry_Turtledove	participatedIn	Great_War_(Harry_Turtledove)
Kingdom_of_the_Two_Sicilies	participatedIn	Siege_of_Toulon
Nazi_Germany	participatedIn	Operation_Shingle
Spain	participatedIn	Battle_of_Lens
Khmer_Republic	participatedIn	Cambodian_Civil_War
Saxony	participatedIn	Second_Crusade
Norway	participatedIn	Battle_of_the_Scheldt
United_Kingdom	participatedIn	Cambodian–Vietnamese_War
Crown_of_Castile	participatedIn	Battle_of_Montiel
Fatimid_Caliphate	participatedIn	First_Crusade
Saudi_Arabia	participatedIn	Civil_war_in_Afghanistan_(1996–2001)
Dutch_Republic	participatedIn	Battle_of_Vigo_Bay
United_States	participatedIn	First_Indochina_War
United_States	participatedIn	Allied_invasion_of_Italy
Kingdom_of_Great_Britain	participatedIn	Battle_of_Malplaquet
Second_Mexican_Empire	participatedIn	Settling_Accounts
Kingdom_of_Württemberg	participatedIn	Battle_of_Montereau
Byzantine_Empire	participatedIn	Byzantine–Arab_wars_(780–1180)
Taiwan	participatedIn	Guatemalan_Civil_War
First_Philippine_Republic	participatedIn	Spanish–American_War
Habsburg_Monarchy	participatedIn	Battle_of_Fleurus_(1794)
Republic_of_Ireland	participatedIn	The_Troubles
Kingdom_of_Mysore	participatedIn	French_Revolutionary_Wars
New_Zealand	participatedIn	Battle_of_Britain
Ottoman_Empire	participatedIn	Ottoman_wars_in_Europe
United_Kingdom	participatedIn	Spring_1945_offensive_in_Italy
Byzantine_Empire	participatedIn	War_of_the_Sicilian_Vespers
Cossack_Hetmanate	participatedIn	Great_Northern_War
Spain	participatedIn	Battle_of_Vitoria
Kingdom_of_Saxony	participatedIn	War_of_the_Sixth_Coalition
National_Revolutionary_Army	participatedIn	Battle_of_Pingxingguan
Assyria	participatedIn	Syro-Ephraimite_War
Hezbollah	participatedIn	War_of_the_Camps
Province_of_Padua	participatedIn	War_of_Chioggia
Saint_Lucia	participatedIn	Invasion_of_Grenada
China	participatedIn	Battle_of_Chosin_Reservoir
French_Third_Republic	participatedIn	Battle_of_Amiens_(1918)
Habsburg_Monarchy	participatedIn	Battle_of_Hohenlinden
Canada	participatedIn	Gulf_War
Baden	participatedIn	Austro-Prussian_War
Republic_of_Macedonia	participatedIn	War_in_Afghanistan_(2001–present)
Dutch_Republic	participatedIn	Nine_Years'_War
Ottoman_Empire	participatedIn	Turkish_War_of_Independence
United_Kingdom	participatedIn	Battle_for_Brest
Holy_Roman_Empire	participatedIn	Little_War_in_Hungary
Athens	participatedIn	Battle_of_Cyzicus
French_First_Republic	participatedIn	Battle_of_Bergen_(1799)
Old_Swiss_Confederacy	participatedIn	Battle_of_Sempach
Latvia	participatedIn	Operation_Atalanta
Kingdom_of_Portugal	participatedIn	Battle_of_Almansa
Ottoman_Empire	participatedIn	Austro-Russian–Turkish_War_(1735–39)
Duchy_of_Savoy	participatedIn	Battle_of_Marsaglia
United_States	participatedIn	Battle_of_West_Hunan
Hamas	participatedIn	Gaza_War
Union_of_South_Africa	participatedIn	Spring_Offensive
New_Zealand	participatedIn	Guadalcanal_Campaign
French_First_Republic	participatedIn	War_of_the_Oranges
Kingdom_of_Prussia	participatedIn	Battle_of_Reims_(1814)
Haiti	participatedIn	Settling_Accounts
German_Empire	participatedIn	First_Battle_of_Ypres
Canada	participatedIn	Battle_of_the_Mediterranean
Kingdom_of_Romania	participatedIn	Russian_Civil_War
Charles_V,_Holy_Roman_Emperor	participatedIn	Battle_of_Pavia
United_Kingdom	participatedIn	Battle_of_France
Ayyubid_dynasty	participatedIn	Siege_of_Acre_(1189–91)
France_in_the_Middle_Ages	participatedIn	Battle_of_Bouvines
Mamluk_Sultanate_(Cairo)	participatedIn	Battle_of_Ain_Jalut
Dutch_Republic	participatedIn	Torstenson_War
Kingdom_of_Sardinia	participatedIn	Hundred_Days
Canada	participatedIn	Siberian_Intervention
Austria-Hungary	participatedIn	Gallipoli_Campaign
United_Nations	participatedIn	Battle_of_Inchon
Brazilian_Navy	participatedIn	Battle_of_Yatay
Abbasid_Caliphate	participatedIn	Second_Crusade
Empire_of_Japan	participatedIn	Mayoyao,_Ifugao
Croatia_in_the_union_with_Hungary	participatedIn	Fifth_Crusade
Netherlands	participatedIn	Settling_Accounts
Parthian_Empire	participatedIn	Antony's_Parthian_War
Roman_Republic	participatedIn	Roman–Persian_Wars
Hesse	participatedIn	Siege_of_Mainz_(1793)
Independent_State_of_Croatia	participatedIn	Operation_Rösselsprung_(1944)
Dutch_Republic	participatedIn	Battle_of_Walcourt
United_Kingdom	participatedIn	Burma_Campaign_1944
Viet_Cong	participatedIn	Tet_Offensive
Kingdom_of_France	participatedIn	Battle_of_Bicocca
Republic_of_Genoa	participatedIn	First_Crusade
Knights_Templar	participatedIn	First_Mongol_invasion_of_Poland
Dutch_Republic	participatedIn	Holmes's_Bonfire
Duchy_of_Nassau	participatedIn	Napoleonic_Wars
United_Kingdom	participatedIn	Operation_Enduring_Freedom_–_Trans_Sahara
British_Empire	participatedIn	Burma_Campaign
Nazi_Germany	participatedIn	American_Theater_(World_War_II)
Moldavia	participatedIn	Ottoman–Habsburg_wars
Kingdom_of_Poland_(1025–1385)	participatedIn	Mongol_invasion_of_Europe
United_Kingdom	participatedIn	New_Guinea_campaign
United_States	participatedIn	Battle_of_Leyte
Damascus	participatedIn	Battle_of_Shaizar
Costa_Rica	participatedIn	Nicaraguan_Revolution
United_States	participatedIn	2006_Lebanon_War
Thailand	participatedIn	Vietnam_War
Baden-Baden	participatedIn	Battle_of_Saint_Gotthard_(1664)
Imperial_Japanese_Army	participatedIn	Battle_of_Changsha_(1944)
Uzbekistan	participatedIn	Operation_Enduring_Freedom_–_Horn_of_Africa
France	participatedIn	Blockade_of_Germany
Spain	participatedIn	Battle_of_Walcourt
Netherlands	participatedIn	Boxer_Rebellion
United_States	participatedIn	Burma_Campaign_1944
India	participatedIn	Naxalite–Maoist_insurgency
Kuwait	participatedIn	Six-Day_War
Guatemala	participatedIn	Settling_Accounts
Kingdom_of_Scotland	participatedIn	Battle_of_Cravant
First_French_Empire	participatedIn	Battle_of_the_Göhrde
Republic_of_Genoa	participatedIn	Battle_of_Crécy
Mauritania	participatedIn	Insurgency_in_the_Maghreb_(2002–present)
Tsardom_of_Russia	participatedIn	Great_Turkish_War
Spain	participatedIn	War_in_Afghanistan_(2001–present)
United_States	participatedIn	War_in_Afghanistan_(2001–present)
Australia	participatedIn	Indonesia–Malaysia_confrontation
United_States	participatedIn	Gulf_War
Independent_State_of_Croatia	participatedIn	Case_White
Australia	participatedIn	Vietnam_War
County_of_Burgundy	participatedIn	Battle_of_Laupen
United_Kingdom	participatedIn	Battle_of_the_Java_Sea
Independent_State_of_Croatia	participatedIn	Battle_of_Stalingrad
Union_of_South_Africa	participatedIn	Hundred_Days_Offensive
Israel	participatedIn	Gaza_War
Württemberg	participatedIn	Battle_of_Arcis-sur-Aube
Colonial_Fiji	participatedIn	New_Guinea_campaign
Russian_Empire	participatedIn	Siege_of_Sevastopol_(1854–55)
Prussia	participatedIn	Battle_of_Albert_(1916)
Kingdom_of_Laos	participatedIn	First_Indochina_War
European_Union	participatedIn	War_in_Somalia_(2009–present)
Spain	participatedIn	War_of_the_Pyrenees
Sweden	participatedIn	Northern_Crusades
Belgium	participatedIn	East_African_Campaign_(World_War_I)
Habsburg_Monarchy	participatedIn	War_of_the_Polish_Succession
Turkey	participatedIn	Korean_War
Ethiopian_Empire	participatedIn	East_African_Campaign_(World_War_II)
Egypt	participatedIn	Yom_Kippur_War
Old_Swiss_Confederacy	participatedIn	Burgundian_Wars
Free_French_Forces	participatedIn	Sword_Beach
Union_of_South_Africa	participatedIn	South-West_Africa_Campaign
Byzantine_Empire	participatedIn	Battle_of_Philippi
Holy_Roman_Empire	participatedIn	War_of_the_Reunions
Holy_Roman_Empire	participatedIn	First_Crusade
Cuba	participatedIn	Angolan_War_of_Independence
Imperial_Japanese_Army	participatedIn	Battle_of_Shanghai
State_of_Burma	participatedIn	Burma_Campaign
German_Empire	participatedIn	Finnish_Civil_War
Nazi_Germany	participatedIn	Battle_of_the_Bulge
Numidia	participatedIn	Second_Punic_War
Portugal	participatedIn	Operation_Active_Endeavour
Kingdom_of_Bohemia	participatedIn	Ottoman–Habsburg_wars
Libya	participatedIn	Angolan_War_of_Independence
European_Union	participatedIn	Operation_Atalanta
France	participatedIn	Battle_of_Saint-Mihiel
Kingdom_of_Prussia	participatedIn	Battle_of_Prague_(1757)
Dominion_of_New_Zealand	participatedIn	Western_Front_(World_War_I)
Venezuela	participatedIn	Battle_of_the_Caribbean
Free_French_Forces	participatedIn	Liberation_of_Paris
United_Arab_Emirates	participatedIn	Civil_war_in_Afghanistan_(1996–2001)
Nigeria	participatedIn	War_in_Somalia_(2009–present)
Empire_of_Japan	participatedIn	Malayan_Campaign
Sultanate_of_Rum	participatedIn	Mongol_invasions_of_Georgia
Kingdom_of_Italy	participatedIn	First_Battle_of_the_Isonzo
First_French_Empire	participatedIn	Battle_of_Eckmühl
Soviet_Union	participatedIn	Cambodian–Vietnamese_War
Syria	participatedIn	Eritrean_War_of_Independence
Boeotia	participatedIn	Battle_of_Mantinea_(362_BC)
People's_Mujahedin_of_Iran	participatedIn	Iran–Iraq_War
United_States	participatedIn	Shia_insurgency_in_Yemen
France	participatedIn	Gulf_War
Patriotic_Union_of_Kurdistan	participatedIn	Iraqi_Kurdish_Civil_War
German_Confederation	participatedIn	First_Schleswig_War
Sudan	participatedIn	Operation_Enduring_Freedom_–_Horn_of_Africa
Electorate_of_Cologne	participatedIn	Siege_of_Neuss
Russian_Empire	participatedIn	Ottoman_wars_in_Europe
France	participatedIn	European_theatre_of_World_War_II
Tajikistan	participatedIn	Operation_Enduring_Freedom_–_Horn_of_Africa
Israel_Defense_Forces	participatedIn	Gaza_War
Kingdom_of_Sicily	participatedIn	Conquest_of_Tunis_(1535)
Netherlands	participatedIn	NATO_bombing_of_Yugoslavia
Byzantine_Empire	participatedIn	Fall_of_Philadelphia
Empire_of_Japan	participatedIn	Second_Sino-Japanese_War
Principality_of_Brunswick-Wolfenbüttel	participatedIn	Seven_Years'_War
Kingdom_of_England	participatedIn	Italian_War_of_1494–98
Sierra_Leone	participatedIn	Sierra_Leone_Civil_War
Golden_Horde	participatedIn	Mongol_invasions_of_Georgia
Archduchy_of_Austria	participatedIn	Long_War_(1591–1606)
Duchy_of_Milan	participatedIn	War_of_Chioggia
Novgorod_Republic	participatedIn	Mongol_invasion_of_Europe
Algeria	participatedIn	Western_Sahara_War
Holy_Roman_Empire	participatedIn	Siege_of_Bonn_(1673)
Habsburg_Monarchy	participatedIn	Deluge_(history)
Albania	participatedIn	War_in_Afghanistan_(2001–present)
Kuwait	participatedIn	Operation_Desert_Thunder
Oman	participatedIn	Gulf_War
Kingdom_of_Bohemia	participatedIn	Siege_of_Vienna
Kingdom_of_France	participatedIn	Battle_of_Pfaffenhofen
Eritrean_People's_Liberation_Front	participatedIn	Eritrean_War_of_Independence
United_States	participatedIn	American_Theater_(World_War_II)
China	participatedIn	Indonesian_occupation_of_East_Timor
Holy_Roman_Empire	participatedIn	Eighty_Years'_War
Hanover	participatedIn	Battle_of_Krefeld
Russian_Soviet_Federative_Socialist_Republic	participatedIn	1991_Soviet_coup_d'état_attempt
Czech_Republic	participatedIn	Kosovo_War
MPLA	participatedIn	Namibian_War_of_Independence
County_of_Flanders	participatedIn	Battle_of_Bouvines
Paraguay	participatedIn	Pikysyry_maneuver
France	participatedIn	Helmand_province_campaign
British_Raj	participatedIn	Second_Boer_War
Austrian_Empire	participatedIn	Battle_of_the_Mincio_River_(1814)
Chile	participatedIn	Guatemalan_Civil_War
United_States	participatedIn	First_Barbary_War
Spain	participatedIn	War_of_the_Fourth_Coalition
Union_of_South_Africa	participatedIn	Korean_War
Kingdom_of_Naples	participatedIn	War_of_the_Sicilian_Vespers
United_Kingdom_of_the_Netherlands	participatedIn	Battle_of_Quatre_Bras
China	participatedIn	Dhofar_Rebellion
Empire_of_Japan	participatedIn	Operation_Krohcol
Free_French_Forces	participatedIn	Siege_of_Malta_(World_War_II)
County_of_Flanders	participatedIn	Battle_of_Roosebeke
Kingdom_of_Serbia	participatedIn	Russian_Civil_War
Ethiopia	participatedIn	Operation_Enduring_Freedom
Kingdom_of_Great_Britain	participatedIn	Battle_of_Castricum
Revolutionary_Front_for_an_Independent_East_Timor	participatedIn	Indonesian_occupation_of_East_Timor
Spanish_Empire	participatedIn	Battle_of_Lepanto
China	participatedIn	Battle_of_Heartbreak_Ridge
New_Zealand	participatedIn	Solomon_Islands_campaign
Patriotic_Union_of_Kurdistan	participatedIn	2003_invasion_of_Iraq
Southern_Rhodesia	participatedIn	East_African_Campaign_(World_War_II)
Tonga	participatedIn	Solomon_Islands_campaign
Holy_Roman_Empire	participatedIn	Fifth_Crusade
Iran	participatedIn	Iran–PJAK_conflict
Early_modern_France	participatedIn	Italian_Wars
Australia	participatedIn	Pacific_War
Classical_Athens	participatedIn	Sicilian_Expedition
Kurdistan_Workers'_Party	participatedIn	Iraqi_Kurdish_Civil_War
Nazi_Germany	participatedIn	Gothic_Line
Confederate_States_of_America	participatedIn	Battle_of_South_Mountain
Society_of_United_Irishmen	participatedIn	French_Revolutionary_Wars
Electorate_of_Brunswick-Lüneburg	participatedIn	Flanders_Campaign
Kingdom_of_Greece	participatedIn	Greco-Turkish_War_(1897)
Kingdom_of_Portugal	participatedIn	Peninsular_War
Kingdom_of_Sicily	participatedIn	Battle_of_Lepanto
Duchy_of_Brabant	participatedIn	Battle_of_Worringen
Holy_Roman_Empire	participatedIn	Hungarian_campaign_of_1527–28
Damascus	participatedIn	Battle_of_Inab
Territory_of_New_Guinea	participatedIn	Pacific_War
Spain	participatedIn	Operation_Harekate_Yolo
Viet_Cong	participatedIn	Vietnam_War
Senegal	participatedIn	War_on_Terror
United_States	participatedIn	War_in_Somalia_(2006–09)
Russian_Empire	participatedIn	Armenian_national_liberation_movement
Habsburg_Monarchy	participatedIn	Battle_of_Mohács_(1687)
Italy	participatedIn	Congo_Crisis
Papal_States	participatedIn	War_of_the_League_of_Cognac
Sweden	participatedIn	Isfahan
Knights_Templar	participatedIn	Siege_of_Acre_(1189–91)
