Ottoman_Empire	participatedIn	Polish–Ottoman_War_(1620–21)
Dominica	participatedIn	Invasion_of_Grenada
Russian_Empire	participatedIn	Battle_of_Bar-sur-Aube
Canada	participatedIn	Battle_of_the_Lys_(1918)
Kingdom_of_Prussia	participatedIn	Battle_of_the_Göhrde
Palestine_Liberation_Organization	participatedIn	1982_Lebanon_War
Zürich	participatedIn	Swiss_peasant_war_of_1653
Nazi_Germany	participatedIn	Leningrad–Novgorod_Offensive
Austrian_Empire	participatedIn	Battle_of_Solferino
Chalcis	participatedIn	Lelantine_War
Soviet_Union	participatedIn	Pacific_War
Muslim_Brotherhood	participatedIn	War_on_Terror
Charles_VI,_Holy_Roman_Emperor	participatedIn	Battle_of_Saragossa
Mazovia	participatedIn	Polish–Teutonic_War_(1326–32)
Morocco	participatedIn	Western_Sahara_War
Kingdom_of_France	participatedIn	Siege_of_Toulon
Portugal	participatedIn	War_on_Terror
Polish–Lithuanian_Commonwealth	participatedIn	Battle_of_Zhovti_Vody
Republic_of_Genoa	participatedIn	War_of_the_Lombards
Democratic_Republic_of_Georgia	participatedIn	Russian_Civil_War
Syracuse,_Sicily	participatedIn	Second_Punic_War
Cappadocia	participatedIn	Antony's_Parthian_War
Ottoman_Empire	participatedIn	Crimean_War
Russian_Soviet_Federative_Socialist_Republic	participatedIn	Eastern_Front_(World_War_I)
Kingdom_of_Portugal	participatedIn	Ottoman_wars_in_Europe
Soviet_Union	participatedIn	Soviet–Japanese_War_(1945)
Kingdom_of_France	participatedIn	Seven_Years'_War
Kingdom_of_Portugal	participatedIn	Battle_of_Villaviciosa
Duchy_of_Normandy	participatedIn	First_Crusade
Taiwan	participatedIn	Salvadoran_Civil_War
New_Zealand	participatedIn	Operation_Overlord
German_Empire	participatedIn	Gorlice–Tarnów_Offensive
New_Zealand	participatedIn	Caucasus_Campaign
Prussia	participatedIn	First_Schleswig_War
Russian_Empire	participatedIn	Battle_of_Reims_(1814)
Zaporozhian_Cossacks	participatedIn	Long_War_(1591–1606)
Kingdom_of_Croatia_(Habsburg)	participatedIn	Little_War_in_Hungary
Laos	participatedIn	Insurgency_in_Laos
Seychelles	participatedIn	Operation_Enduring_Freedom_–_Horn_of_Africa
Democratic_Republic_of_Georgia	participatedIn	Armenian_national_liberation_movement
Ottoman_Empire	participatedIn	Battle_of_Mohács_(1687)
Islamic_Courts_Union	participatedIn	War_on_Terror
Jamiat-e_Islami	participatedIn	Civil_war_in_Tajikistan
Polish–Lithuanian_Commonwealth	participatedIn	Polish–Ottoman_War_(1633–34)
Philippine_Constabulary	participatedIn	Nampicuan,_Nueva_Ecija
Byzantine_Empire	participatedIn	Byzantine–Arab_wars_(780–1180)
France	participatedIn	Operation_Enduring_Freedom_–_Trans_Sahara
Baden	participatedIn	Siege_of_Paris_(1870–71)
Hamas	participatedIn	Violence_in_the_Israeli–Palestinian_conflict_2007
First_French_Empire	participatedIn	Battle_of_Vitoria
Crimean_Khanate	participatedIn	Second_Northern_War
Saudi_Arabia	participatedIn	Unified_Task_Force
Russian_Empire	participatedIn	Eastern_Front_(World_War_I)
Royal_Air_Force	participatedIn	Warsaw_Uprising
Israel	participatedIn	2006_Lebanon_War
Czechoslovak_government-in-exile	participatedIn	Operation_Crusader
Kingdom_of_Hungary	participatedIn	Battle_of_Breadfield
Canada	participatedIn	Operation_Mountain_Fury
Romania	participatedIn	Operation_Desert_Thunder
Qi_(state)	participatedIn	Battle_of_Guiling
Kingdom_of_France	participatedIn	Great_Siege_of_Gibraltar
Emirate_of_Granada	participatedIn	Battle_of_Teba
Pakistan_Navy	participatedIn	War_in_North-West_Pakistan
Nigeria	participatedIn	War_on_Terror
Uzbekistan	participatedIn	Operation_Enduring_Freedom
Belgium	participatedIn	Western_Front_(World_War_I)
Kingdom_of_Naples	participatedIn	War_of_the_Fourth_Coalition
Republic_of_China_(1912–49)	participatedIn	Battle_of_West_Hunan
Turkmenistan	participatedIn	Operation_Enduring_Freedom_–_Horn_of_Africa
Argos	participatedIn	First_Peloponnesian_War
Vichy_France	participatedIn	Anglo-Iraqi_War
Norway	participatedIn	Battles_of_Narvik
Kingdom_of_England	participatedIn	Italian_War_of_1551–59
Crimean_Khanate	participatedIn	Pruth_River_Campaign
Dutch_Republic	participatedIn	War_of_the_First_Coalition
Sparta	participatedIn	Third_Sacred_War
Aleppo	participatedIn	Battle_of_Inab
Kazakhstan	participatedIn	War_on_Terror
New_Zealand	participatedIn	Operation_Ripper
Philippine_Constabulary	participatedIn	Zamboanga_(province)
Cossack_Hetmanate	participatedIn	Austro-Russian–Turkish_War_(1735–39)
Vietnam	participatedIn	Insurgency_in_Laos
Byzantine_Empire	participatedIn	Ottoman_wars_in_Europe
Henry_II,_Holy_Roman_Emperor	participatedIn	Battle_of_Vlaardingen
Spanish_Empire	participatedIn	Battle_of_St._Quentin_(1557)
Kingdom_of_Saxony	participatedIn	Battle_of_Wagram
Electorate_of_Saxony	participatedIn	War_of_the_Austrian_Succession
Dutch_Republic	participatedIn	Capture_of_Gibraltar
Algeria	participatedIn	Congo_Crisis
Habsburg_Monarchy	participatedIn	Second_Battle_of_Zurich
New_Zealand	participatedIn	Battle_of_Kapyong
Brazilian_Navy	participatedIn	Platine_War
Hungary	participatedIn	Kosovo_War
Kingdom_of_Great_Britain	participatedIn	Second_Anglo-Mysore_War
Crimean_Khanate	participatedIn	Battle_of_Vienna
Kingdom_of_Sicily	participatedIn	War_of_the_First_Coalition
United_States	participatedIn	Operation_Enduring_Freedom_–_Horn_of_Africa
Classical_Athens	participatedIn	Battle_of_Mantinea_(362_BC)
British_Army	participatedIn	Jewish_insurgency_in_Palestine
Russian_Empire	participatedIn	Battle_of_La_Rothière
Republic_of_the_Congo	participatedIn	Angolan_War_of_Independence
Spain	participatedIn	Ottoman_wars_in_Europe
Belgium	participatedIn	Great_War_(Harry_Turtledove)
Republic_of_Venice	participatedIn	Battle_of_Anghiari
Soviet_Union	participatedIn	Operation_Bagration
County_of_Burgundy	participatedIn	Battle_of_Laupen
Republic_of_Venice	participatedIn	Morean_War
Luxembourg	participatedIn	European_theatre_of_World_War_II
Habsburg_Monarchy	participatedIn	Battle_of_Oudenarde
Australia	participatedIn	Battle_of_Rabaul_(1942)
Southern_Rhodesia	participatedIn	East_African_Campaign_(World_War_I)
Ethiopian_Empire	participatedIn	Korean_War
Pannonia_(Roman_province)	participatedIn	Battle_of_Lugdunum
Kingdom_of_France	participatedIn	Siege_of_Nice
Free_French_Forces	participatedIn	Western_Front_(World_War_II)
Papal_States	participatedIn	Ottoman_wars_in_Europe
United_States	participatedIn	New_Georgia_Campaign
Soviet_Union	participatedIn	Malayan_Emergency
Spain	participatedIn	Franco-Spanish_War_(1635–59)
United_Kingdom	participatedIn	Burma_Campaign
Kingdom_of_France	participatedIn	Revolt_of_1173–74
Cuba	participatedIn	Nicaraguan_Revolution
Russia	participatedIn	People's_General
Kingdom_of_France	participatedIn	Italian_War_of_1542–46
Empire_of_Japan	participatedIn	Jinzhou_Operation
Italy	participatedIn	Operation_Mountain_Fury
Achaemenid_Empire	participatedIn	Battle_of_Marathon
Kingdom_of_Naples	participatedIn	Conquest_of_Tunis_(1535)
Islamic_Dawa_Party	participatedIn	1991_uprisings_in_Iraq
Kingdom_of_Bavaria	participatedIn	Battle_of_Wagram
Armenia	participatedIn	War_in_Afghanistan_(2001–present)
Kingdom_of_Hungary_(1526–1867)	participatedIn	Battle_of_Petrovaradin
Kyrgyzstan	participatedIn	Operation_Enduring_Freedom
Charles_V,_Holy_Roman_Emperor	participatedIn	Battle_of_Pavia
Kingdom_of_England	participatedIn	Battle_of_Saint-Mathieu
Electorate_of_Brunswick-Lüneburg	participatedIn	Battle_of_Kloster_Kampen
Israel_Defense_Forces	participatedIn	First_Intifada
Sudan	participatedIn	2008_invasion_of_Anjouan
Holy_Roman_Empire	participatedIn	Battle_of_Austerlitz
Syria	participatedIn	Arab–Israeli_conflict
Armenian_Revolutionary_Federation	participatedIn	Armenian_national_liberation_movement
United_Kingdom	participatedIn	Operation_Active_Endeavour
Roman_Empire	participatedIn	Roman–Persian_Wars
Senegal	participatedIn	Insurgency_in_the_Maghreb_(2002–present)
Yugoslav_People's_Army	participatedIn	Battle_of_Vukovar
Kingdom_of_Croatia_(Habsburg)	participatedIn	Battle_of_Breitenfeld_(1631)
Sweden	participatedIn	War_in_Afghanistan_(2001–present)
Greece	participatedIn	War_on_Terror
First_French_Empire	participatedIn	Battle_of_Sacile
French_India	participatedIn	Western_Desert_Campaign
Philippines	participatedIn	Congo_Crisis
Australia	participatedIn	Operation_Eagle's_Summit
Croatia	participatedIn	War_on_Terror
First_French_Empire	participatedIn	Battle_of_Amstetten
UNITA	participatedIn	South_African_Border_War
China	participatedIn	Ethio-Somali_War
First_French_Empire	participatedIn	Hundred_Days
United_States	participatedIn	Iraqi_no-fly_zones
Yugoslav_Partisans	participatedIn	Case_White
Union_of_South_Africa	participatedIn	Battle_of_Monte_Cassino
Ottoman_Empire	participatedIn	Austro-Russian–Turkish_War_(1735–39)
Denmark–Norway	participatedIn	Torstenson_War
France	participatedIn	Fifth_Battle_of_Ypres
South_Africa	participatedIn	Battle_of_Megiddo_(1918)
Russian_Empire	participatedIn	Battle_of_Borodino
United_States	participatedIn	How_Few_Remain
Samoa	participatedIn	United_States_Exploring_Expedition
Canada	participatedIn	Kosovo_War
Kingdom_of_Italy	participatedIn	Mahdist_War
Crimean_Khanate	participatedIn	Battle_of_Batih
Crimean_Khanate	participatedIn	Great_Turkish_War
Duchy_of_Brabant	participatedIn	Battle_of_Worringen
United_Kingdom	participatedIn	Italian_Campaign_(World_War_II)
United_Kingdom	participatedIn	Colombian_conflict_(1964–present)
Kingdom_of_England	participatedIn	Italian_War_of_1542–46
South_Africa	participatedIn	South_African_Border_War
French_Third_Republic	participatedIn	Great_War_(Harry_Turtledove)
Kingdom_of_France	participatedIn	Anglo-Spanish_War_(1654–60)
Batavian_Republic	participatedIn	War_of_the_Third_Coalition
Axis_powers	participatedIn	First_Battle_of_El_Alamein
UNITA	participatedIn	Portuguese_Colonial_War
Russian_Provisional_Government	participatedIn	October_Revolution
French_Third_Republic	participatedIn	Battle_of_Amiens_(1918)
Honduras	participatedIn	Nicaraguan_Revolution
Cuba	participatedIn	Congo_Crisis
Kingdom_of_Greece	participatedIn	Western_Front_(World_War_II)
Portugal	participatedIn	Battle_of_Ponta_Delgada
Free_French_Forces	participatedIn	North_African_Campaign
Duchy_of_Brunswick-Lüneburg	participatedIn	Battle_of_Bergen_(1759)
Austrian_Empire	participatedIn	Battle_of_Fère-Champenoise
Roman_Empire	participatedIn	Battle_of_Mursa_Major
Kingdom_of_Scotland	participatedIn	Italian_Wars
Russian_Empire	participatedIn	Vlieter_Incident
First_Philippine_Republic	participatedIn	Timeline_of_the_Spanish–American_War
Athens	participatedIn	Battle_of_Cyzicus
Kingdom_of_Croatia_(Habsburg)	participatedIn	Long_War_(1591–1606)
Kingdom_of_Naples	participatedIn	Hundred_Days
Dalmatia	participatedIn	Fifth_Crusade
Kingdom_of_Sardinia	participatedIn	French_Revolutionary_Wars
Kingdom_of_Prussia	participatedIn	Battle_of_Fère-Champenoise
Russian_Empire	participatedIn	Gorlice–Tarnów_Offensive
Empire_of_Japan	participatedIn	Operation_K
Republic_of_Venice	participatedIn	Ottoman–Venetian_War_(1714–18)
France_in_the_Middle_Ages	participatedIn	Seventh_Crusade
Eritrean_People's_Liberation_Front	participatedIn	Eritrean_War_of_Independence
First_French_Empire	participatedIn	Battle_of_Dennewitz
Frisia	participatedIn	Fifth_Crusade
Burma	participatedIn	People's_General
New_Zealand	participatedIn	Invasion_of_Normandy
Fribourg	participatedIn	Battle_of_Laupen
Kingdom_of_France	participatedIn	Fourth_Anglo-Dutch_War
Habsburg_Monarchy	participatedIn	Battle_of_Hochkirch
Australia	participatedIn	Battle_of_Megiddo_(1918)
Yugoslav_Partisans	participatedIn	Eastern_Front_(World_War_II)
Bulgaria	participatedIn	Mozambican_War_of_Independence
Germany	participatedIn	War_in_Afghanistan_(2001–present)
Golden_Horde	participatedIn	Lithuanian_Civil_War_(1431–35)
Russia	participatedIn	Civil_war_in_Afghanistan_(1996–2001)
Habsburg_Spain	participatedIn	Edict_of_Restitution
Macedonia_(ancient_kingdom)	participatedIn	Wars_of_Alexander_the_Great
Holy_Roman_Empire	participatedIn	Battle_of_Vienna
United_Kingdom	participatedIn	Convoy_PQ_17
County_of_Flanders	participatedIn	Siege_of_Damascus_(1148)
Greece	participatedIn	Operation_Atalanta
Kingdom_of_Naples	participatedIn	War_of_the_Second_Coalition
Kingdom_of_Italy	participatedIn	Siege_of_Sevastopol_(1941–42)
Portugal	participatedIn	Battle_of_Timor
Czechoslovak_government-in-exile	participatedIn	Battle_of_the_Dukla_Pass
Kingdom_of_France	participatedIn	Battle_of_Crécy
Amal_Movement	participatedIn	2006_Lebanon_War
Kingdom_of_England	participatedIn	Mongol_invasions_of_the_Levant
Habsburg_Monarchy	participatedIn	Battle_of_Moys
Pakistan	participatedIn	Six-Day_War
Kingdom_of_Great_Britain	participatedIn	Battle_of_Restigouche
Fiji	participatedIn	United_States_Exploring_Expedition
Luxembourg	participatedIn	Battle_of_France
Taiwan	participatedIn	1959_Tibetan_uprising
Canada	participatedIn	Normandy_landings
Kingdom_of_France	participatedIn	Battle_of_Ravenna_(1512)
Papal_States	participatedIn	Long_War_(1591–1606)
Armenian_Kingdom_of_Cilicia	participatedIn	First_Crusade
Confederation_of_the_Rhine	participatedIn	War_of_the_Sixth_Coalition
Nicaragua	participatedIn	Salvadoran_Civil_War
Podlachia	participatedIn	Lithuanian_Civil_War_(1431–35)
Kingdom_of_Hungary	participatedIn	Battle_of_Mühlberg
Spain	participatedIn	Quasi-War
Kingdom_of_Greece	participatedIn	European_theatre_of_World_War_I
United_Kingdom	participatedIn	Battle_of_the_Imjin_River
Habsburg_Monarchy	participatedIn	Battle_of_Fleurus_(1794)
Roman_Empire	participatedIn	Roman–Parthian_Wars
Nazi_Germany	participatedIn	Greek_Resistance
British_Army	participatedIn	1936–39_Arab_revolt_in_Palestine
New_Zealand	participatedIn	Western_Desert_Campaign
Cossack_Hetmanate	participatedIn	Russo-Persian_War_(1722–23)
Greece	participatedIn	Tunisia_Campaign
Pakistan	participatedIn	War_on_Terror
British_rule_in_Burma	participatedIn	Burma_Campaign_1944
Turkey	participatedIn	Operation_Active_Endeavour
United_States	participatedIn	Spring_Offensive
Holy_Roman_Empire	participatedIn	Battle_on_the_Marchfeld
Kingdom_of_Croatia_(Habsburg)	participatedIn	Siege_of_Szigetvár
Kingdom_of_England	participatedIn	War_of_the_Spanish_Succession
Ferdinand_I_of_the_Two_Sicilies	participatedIn	Siege_of_Toulon
Ottoman_Empire	participatedIn	French_Revolutionary_Wars
Canada	participatedIn	How_Few_Remain
Holy_Roman_Empire	participatedIn	Third_Crusade
British_Raj	participatedIn	Operation_Compass
Mongol_Empire	participatedIn	Battle_of_the_Kalka_River
Kingdom_of_England	participatedIn	Italian_War_of_1494–98
Anglo-Egyptian_Sudan	participatedIn	1948_Arab–Israeli_War
Estado_Novo_(Portugal)	participatedIn	Portuguese_Colonial_War
Crown_of_Castile	participatedIn	Battle_of_Nájera
United_States	participatedIn	Battle_of_the_Chateauguay
British_Army	participatedIn	Operation_Mountain_Thrust
Württemberg	participatedIn	Battle_of_La_Rothière
Byzantine_Empire	participatedIn	Battle_of_Harim
Wallachia	participatedIn	Pruth_River_Campaign
Kingdom_of_Great_Britain	participatedIn	Seven_Years'_War
Spanish_Empire	participatedIn	Battle_of_La_Marfée
Australia	participatedIn	Western_Desert_Campaign
German_Empire	participatedIn	East_African_Campaign_(World_War_I)
Canada	participatedIn	Battle_of_Messines_(1917)
United_States_Army	participatedIn	Marinduque
Free_French_Forces	participatedIn	Battle_of_the_Bulge
Netherlands	participatedIn	Battle_of_Borneo_(1941–42)
Republic_of_Venice	participatedIn	War_of_Chioggia
Norway	participatedIn	Korean_War
Czechoslovakia	participatedIn	Vietnam_War
Kingdom_of_Italy	participatedIn	Dodecanese_Campaign
Habsburg_Monarchy	participatedIn	Battle_of_Lobositz
UNITA	participatedIn	Angolan_War_of_Independence
Kingdom_of_Prussia	participatedIn	Great_Northern_War
Anglo-Egyptian_Sudan	participatedIn	First_Sudanese_Civil_War
United_Kingdom	participatedIn	Battle_of_Jerusalem_(1917)
Iran	participatedIn	Iran–PJAK_conflict
France_in_the_Middle_Ages	participatedIn	War_of_the_Two_Peters
United_States	participatedIn	Operation_Market_Garden
Belarus	participatedIn	Operation_Enduring_Freedom
Thrace	participatedIn	Wars_of_Alexander_the_Great
Electorate_of_Saxony	participatedIn	Battle_of_Gadebusch
Czechoslovak_government-in-exile	participatedIn	Normandy_landings
Luxembourg	participatedIn	War_on_Terror
Dutch_Republic	participatedIn	War_of_the_Austrian_Succession
Kingdom_of_France	participatedIn	Battle_of_Toulon_(1707)
Duchy_of_Brunswick-Lüneburg	participatedIn	Battle_of_Mühlberg
German_Empire	participatedIn	Fifth_Battle_of_Ypres
Qing_dynasty	participatedIn	Boxer_Rebellion
Kingdom_of_France	participatedIn	Third_Anglo-Dutch_War
Denmark–Norway	participatedIn	Dano-Swedish_War_(1657–58)
Union_of_South_Africa	participatedIn	Siege_of_Malta_(World_War_II)
County_of_Flanders	participatedIn	Second_Crusade
Latvian_Socialist_Soviet_Republic	participatedIn	Allied_intervention_in_the_Russian_Civil_War
Kingdom_of_Greece	participatedIn	Russian_Civil_War
Prussia	participatedIn	Battle_of_Spicheren
Colombia	participatedIn	War_on_Terror
Second_Polish_Republic	participatedIn	Polish–Soviet_War
Kingdom_of_Sicily	participatedIn	War_of_the_Fifth_Coalition
Knights_Templar	participatedIn	Battle_of_La_Forbie
Kingdom_of_France	participatedIn	Battle_of_Restigouche
Islamic_Dawa_Party	participatedIn	1991_uprising_in_Karbala
Second_French_Empire	participatedIn	Battle_of_Gravelotte
Ba'athist_Iraq	participatedIn	Gulf_War
Jamiat-e_Islami	participatedIn	Soviet_war_in_Afghanistan
Electorate_of_Bavaria	participatedIn	War_of_the_Third_Coalition
British_Empire	participatedIn	Second_Battle_of_Ypres
Kingdom_of_Great_Britain	participatedIn	Siege_of_Lille_(1708)
Duchy_of_Ferrara	participatedIn	Long_War_(1591–1606)
Peshawar	participatedIn	Mongol_invasions_of_India
Russian_Empire	participatedIn	Caucasus_Campaign
Soviet_Union	participatedIn	Case_Blue
Australia	participatedIn	Battle_of_Madagascar
Kingdom_of_Greece	participatedIn	North_African_Campaign
Duchy_of_Burgundy	participatedIn	Siege_of_Neuss
Soviet_Union	participatedIn	Insurgency_in_Laos
Kingdom_of_England	participatedIn	Third_Crusade
Imperial_Japanese_Army	participatedIn	Battle_of_Changsha_(1944)
Germany	participatedIn	War_on_Terror
Taranto	participatedIn	First_Crusade
Prussia	participatedIn	Seven_Years'_War
Spanish_Empire	participatedIn	Timeline_of_the_Spanish–American_War
Yugoslav_Partisans	participatedIn	Operation_Rösselsprung_(1944)
Belgium	participatedIn	Battle_of_the_Scheldt
Kingdom_of_Castile	participatedIn	Battle_of_Río_Salado
United_Kingdom	participatedIn	Operation_Tractable
Republic_of_Ragusa	participatedIn	Russo-Turkish_War_(1768–74)
Russian_Empire	participatedIn	War_of_the_Polish_Succession
French_Fourth_Republic	participatedIn	Suez_Crisis
Kingdom_of_Sicily	participatedIn	1814_campaign_in_France
Ilkhanate	participatedIn	Mongol_invasions_of_India
Kingdom_of_Hungary	participatedIn	Battle_of_Keresztes
First_French_Empire	participatedIn	War_of_the_Sixth_Coalition
Poland	participatedIn	Operation_Desert_Thunder
Kingdom_of_Sicily	participatedIn	War_of_the_Sixth_Coalition
Poland	participatedIn	War_in_Afghanistan_(2001–present)
Belgium	participatedIn	Second_Battle_of_Ypres
Empire_of_Japan	participatedIn	Burma_Campaign_1944
Vianden	participatedIn	Battle_of_Worringen
Mongol_Empire	participatedIn	Battle_of_Mohi
Zambia	participatedIn	Angolan_War_of_Independence
Russian_Empire	participatedIn	Austro-Russian–Turkish_War_(1735–39)
Soviet_Union	participatedIn	Siege_of_Budapest
Netherlands	participatedIn	New_Guinea_campaign
Tibet	participatedIn	1959_Tibetan_uprising
Athens	participatedIn	Ionian_Revolt
Kingdom_of_Italy	participatedIn	Eastern_Front_(World_War_II)
MPLA	participatedIn	South_African_Border_War
Canada	participatedIn	Allied_intervention_in_the_Russian_Civil_War
Spanish_Empire	participatedIn	Finnish_War
United_Kingdom	participatedIn	Operation_Compass
Paraguay	participatedIn	United_States_occupation_of_the_Dominican_Republic_(1965–66)
United_States	participatedIn	NATO_bombing_of_Yugoslavia
Ottoman_Empire	participatedIn	Eastern_Front_(World_War_I)
Italy	participatedIn	Operation_Enduring_Freedom
Netherlands	participatedIn	Battle_of_Sunda_Strait
Portugal	participatedIn	Ottoman–Venetian_War_(1714–18)
Empire_of_Japan	participatedIn	Borneo_campaign_(1945)
Qajar_dynasty	participatedIn	Russo-Persian_War_(1826–28)
New_Zealand	participatedIn	Battle_of_Jerusalem_(1917)
Međimurje_County	participatedIn	Hungarian_Revolution_of_1848
Congress_Poland	participatedIn	Second_Boer_War
Kingdom_of_Italy	participatedIn	Battle_of_the_Atlantic
Kingdom_of_France	participatedIn	Thirty_Years'_War
Russian_Empire	participatedIn	Russo-Persian_War_(1804–13)
Kingdom_of_France	participatedIn	Cabanagem
Dominion_of_New_Zealand	participatedIn	Battle_of_Monte_Cassino
United_Kingdom	participatedIn	Defence_of_the_Reich
Republic_of_Ireland	participatedIn	The_Troubles
Duchy_of_Warsaw	participatedIn	Battle_of_Berezina
Austrian_Empire	participatedIn	Battle_of_Bezzecca
Kingdom_of_Cyprus	participatedIn	Fifth_Crusade
China	participatedIn	War_on_Terror
Principality_of_Antioch	participatedIn	Battle_of_Azaz_(1125)
Kingdom_of_France	participatedIn	Battle_of_Bicocca
Kataeb_Party	participatedIn	1982_Lebanon_War
Phocis	participatedIn	Lamian_War
Soviet_Union	participatedIn	East_Prussian_Offensive
Russian_Empire	participatedIn	Russo-Japanese_War
Byzantine_Empire	participatedIn	Roman–Persian_Wars
Mamluk_Sultanate_(Cairo)	participatedIn	Mongol_invasions_of_the_Levant
Kingdom_of_France	participatedIn	Franco-Spanish_War_(1635–59)
Netherlands	participatedIn	Operation_Achilles
Kingdom_of_England	participatedIn	Battle_of_Brunanburh
Soviet_Union	participatedIn	Georgian_Civil_War
Imperial_Japanese_Navy	participatedIn	Battle_of_Shanghai
Soviet_Union	participatedIn	Spanish_Civil_War
Marinid_dynasty	participatedIn	Battle_of_Río_Salado
French_First_Republic	participatedIn	Battle_of_Hondschoote_(1793)
Greece	participatedIn	War_in_Afghanistan_(2001–present)
Polish–Lithuanian_Commonwealth	participatedIn	Russo-Turkish_War_(1686–1700)
Dutch_Republic	participatedIn	Edict_of_Restitution
Roman_Republic	participatedIn	Antony's_Parthian_War
United_States	participatedIn	War_in_Somalia_(2009–present)
French_Third_Republic	participatedIn	Battle_of_the_Frontiers
Kingdom_of_Bavaria	participatedIn	Battle_of_Bar-sur-Aube
Kingdom_of_Prussia	participatedIn	War_of_the_Polish_Succession
Slovak_Republic_(1939–45)	participatedIn	Operation_Barbarossa
Enlightenment_in_Spain	participatedIn	Great_Siege_of_Gibraltar
Thailand	participatedIn	Pacific_War
Sasanian_Empire	participatedIn	Roman–Persian_Wars
Old_Swiss_Confederacy	participatedIn	Battle_of_Schwaderloh
Kamakura_shogunate	participatedIn	Mongol_invasions_of_Japan
Croatia	participatedIn	Operation_Atalanta
Soviet_Union	participatedIn	Battle_of_Białystok–Minsk
Kingdom_of_Iraq	participatedIn	Anglo-Iraqi_War
Denmark	participatedIn	Operation_Jungle
Smolensk	participatedIn	Lithuanian_Civil_War_(1431–35)
Gaza_Strip	participatedIn	Arab–Israeli_conflict
Confederate_States_of_America	participatedIn	Battle_of_Five_Forks
Kingdom_of_Yugoslavia	participatedIn	Battle_of_the_Mediterranean
United_States	participatedIn	Battle_of_the_Mediterranean
Holy_Roman_Empire	participatedIn	War_of_the_Lombards
Aleppo	participatedIn	Battle_of_Azaz_(1125)
United_States	participatedIn	Allied_invasion_of_Sicily
Rio_Grande_do_Sul	participatedIn	Constitutionalist_Revolution
United_States_Navy	participatedIn	Marinduque
Knights_Templar	participatedIn	Fifth_Crusade
New_Zealand	participatedIn	Operation_Bodenplatte
Sudan	participatedIn	Second_Congo_War
Tanzania	participatedIn	Nigerian_Civil_War
British_Empire	participatedIn	Battle_of_Fromelles
Republic_of_Venice	participatedIn	Byzantine–Ottoman_Wars
Spain	participatedIn	Western_Sahara_War
Francia	participatedIn	Muslim_conquests
Athens	participatedIn	Battle_of_Cynossema
Republic_of_Venice	participatedIn	Battle_of_Agnadello
Poland	participatedIn	Battle_of_Britain
Minsk	participatedIn	Battle_of_Wilkomierz
Archduchy_of_Austria	participatedIn	Battle_on_the_Marchfeld
Kingdom_of_Italy_(Napoleonic)	participatedIn	Battle_of_Leipzig
Old_Swiss_Confederacy	participatedIn	Burgundian_Wars
United_Kingdom	participatedIn	Battle_of_France
Soviet_Union	participatedIn	Soviet_invasion_of_Manchuria
Corinth	participatedIn	Battle_of_Nemea
Saxony	participatedIn	Battle_of_the_Somme
Gold_Coast	participatedIn	Burma_Campaign_1944
Kingdom_of_France	participatedIn	Battle_of_Pavia
Taiwan	participatedIn	Internal_conflict_in_Burma
National_Revolutionary_Army	participatedIn	Battle_of_Changsha_(1944)
Swedish_Empire	participatedIn	War_of_Devolution
Syria	participatedIn	Yom_Kippur_War
Kingdom_of_Sicily	participatedIn	Ottoman–Venetian_War_(1570–73)
British_Empire	participatedIn	Battle_of_Madagascar
Knights_Templar	participatedIn	Seventh_Crusade
Republic_of_Genoa	participatedIn	Conquest_of_Tunis_(1535)
Kingdom_of_Serbia	participatedIn	Allied_intervention_in_the_Russian_Civil_War
Prussia	participatedIn	Flanders_Campaign
United_States	participatedIn	Attack_on_Broome
Estonia	participatedIn	1991_Soviet_coup_d'état_attempt
United_Kingdom	participatedIn	Operation_Bodenplatte
Russia	participatedIn	First_Chechen_War
New_Zealand	participatedIn	Battle_of_Messines_(1917)
Union_of_South_Africa	participatedIn	East_African_Campaign_(World_War_I)
New_Zealand	participatedIn	Senussi_Campaign
Macedonia_(ancient_kingdom)	participatedIn	Second_Macedonian_War
Greece	participatedIn	Nicaraguan_Revolution
Principality_of_Transylvania_(1570–1711)	participatedIn	Long_War_(1591–1606)
Denmark	participatedIn	Operation_Anaconda
Union_(American_Civil_War)	participatedIn	Battle_of_Williamsburg
Aleppo	participatedIn	Battle_of_Harim
France	participatedIn	War_in_Afghanistan_(2001–present)
Kingdom_of_Italy	participatedIn	Case_White
Republic_of_Venice	participatedIn	Ottoman–Venetian_War_(1570–73)
Vichy_France	participatedIn	European_theatre_of_World_War_II
Kingdom_of_Poland_(1385–1569)	participatedIn	Ottoman_wars_in_Europe
British_Raj	participatedIn	Battle_of_Monte_Cassino
Holy_Roman_Empire	participatedIn	Ottoman_wars_in_Europe
Kingdom_of_Italy	participatedIn	Western_Front_(World_War_II)
Golden_Horde	participatedIn	Battle_of_Wilkomierz
Macedonia_(ancient_kingdom)	participatedIn	War_against_Nabis
Kingdom_of_Saxony	participatedIn	First_Battle_of_Ypres
Imperial_Japanese_Army	participatedIn	Battle_of_Shanghai
Kingdom_of_Italy_(Napoleonic)	participatedIn	War_of_the_Fourth_Coalition
Australia	participatedIn	Battle_of_Britain
Kingdom_of_Italy	participatedIn	Western_Front_(World_War_I)
Kazakhstan	participatedIn	People's_General
French_Third_Republic	participatedIn	Battle_of_the_Somme
British_Empire	participatedIn	Burma_Campaign
Kingdom_of_Great_Britain	participatedIn	Battle_of_Oudenarde
New_Zealand	participatedIn	Anglo-Iraqi_War
Nazi_Germany	participatedIn	Siege_of_Budapest
Estado_Novo_(Portugal)	participatedIn	Mozambican_War_of_Independence
Pakistan	participatedIn	Soviet_war_in_Afghanistan
Thebes,_Greece	participatedIn	Third_Sacred_War
Kingdom_of_France	participatedIn	Battle_of_Las_Navas_de_Tolosa
United_Kingdom	participatedIn	First_Battle_of_Ypres
Jordan	participatedIn	Dhofar_Rebellion
Holy_Roman_Empire	participatedIn	Battle_of_Bicocca
Kingdom_of_France	participatedIn	Battle_of_Rocoux
Nazi_Germany	participatedIn	Operation_Market_Garden
Kingdom_of_Hungary_(1920–46)	participatedIn	Operation_Uranus
Kingdom_of_France	participatedIn	Crusade_of_1101
Greece	participatedIn	Unified_Task_Force
Saudi_Arabia	participatedIn	Iran–Iraq_War
Kingdom_of_Westphalia	participatedIn	Battle_of_Gefrees
Austrian_Empire	participatedIn	1814_campaign_in_France
Malaysia	participatedIn	War_in_Afghanistan_(2001–present)
Electorate_of_Saxony	participatedIn	Battle_of_Kesselsdorf
Union_(American_Civil_War)	participatedIn	Battle_of_Island_Number_Ten
German_South-West_Africa	participatedIn	South-West_Africa_Campaign
Old_Swiss_Confederacy	participatedIn	Battle_of_Arbedo
Popular_Front_for_the_Liberation_of_Palestine	participatedIn	Second_Intifada
Netherlands	participatedIn	Operation_Eagle's_Summit
MPLA	participatedIn	Battle_of_Cuito_Cuanavale
Ottoman_Algeria	participatedIn	Greek_War_of_Independence
Boeotia	participatedIn	Battle_of_Mantinea_(362_BC)
County_of_Tripoli	participatedIn	Battle_of_Shaizar
France	participatedIn	Iraqi_no-fly_zones
Kingdom_of_Italy	participatedIn	Spring_Offensive
Moldavia	participatedIn	Battle_of_Saint_Gotthard_(1664)
British_Empire	participatedIn	Operation_Krohcol
Second_French_Empire	participatedIn	Battle_of_Beaumont
Principality_of_Antioch	participatedIn	Battle_of_Harim
Kingdom_of_Castile	participatedIn	Battle_of_Uclés_(1108)
United_States	participatedIn	Gothic_Line
Bavaria	participatedIn	Fifth_Battle_of_Ypres
Loyalist_(American_Revolution)	participatedIn	American_Revolutionary_War
United_Provinces_of_the_Río_de_la_Plata	participatedIn	Argentine_War_of_Independence
Kingdom_of_Croatia_(925–1102)	participatedIn	Hussite_Wars
Russian_Republic	participatedIn	Basmachi_movement
West_Ukrainian_People's_Republic	participatedIn	Ukrainian_War_of_Independence
Byzantine_Empire	participatedIn	Battle_of_Philippi
Duchy_of_Holstein	participatedIn	First_Schleswig_War
Albania	participatedIn	War_in_Afghanistan_(2001–present)
United_States	participatedIn	American_Theater_(World_War_II)
Volhynia	participatedIn	Lithuanian_Civil_War_(1431–35)
Empire_of_Japan	participatedIn	Operation_Krohcol
Confederation_of_the_Rhine	participatedIn	War_of_the_Fifth_Coalition
Qing_dynasty	participatedIn	First_Sino-Japanese_War
South_Africa	participatedIn	Mozambican_War_of_Independence
Fatimid_Caliphate	participatedIn	Byzantine–Arab_wars_(780–1180)
Canada	participatedIn	Siege_of_Malta_(World_War_II)
Denmark–Norway	participatedIn	War_of_the_Sixth_Coalition
Venezuela	participatedIn	Colombian_conflict_(1964–present)
Republic_of_Venice	participatedIn	Italian_Wars
Kingdom_of_Jerusalem	participatedIn	Siege_of_Acre_(1189–91)
County_of_Tripoli	participatedIn	Second_Crusade
British_Raj	participatedIn	East_African_Campaign_(World_War_II)
Electorate_of_Bavaria	participatedIn	War_of_the_Austrian_Succession
Brazilian_Navy	participatedIn	Tenente_revolts
Moldavia	participatedIn	Ottoman_wars_in_Europe
Democratic_Republic_of_the_Congo	participatedIn	Kivu_conflict
Dutch_Republic	participatedIn	Uskok_War
Norway	participatedIn	Siege_of_Malta_(World_War_II)
Kingdom_of_Sicily	participatedIn	War_of_the_Third_Coalition
French_Equatorial_Africa	participatedIn	Middle_Eastern_theatre_of_World_War_I
United_States	participatedIn	Battle_of_Morotai
Classical_Athens	participatedIn	Battle_of_Marathon
Francoist_Spain	participatedIn	Siege_of_Oviedo
Kingdom_of_Scotland	participatedIn	Ottoman_wars_in_Europe
Jordan	participatedIn	Six-Day_War
Sweden	participatedIn	Nine_Years'_War
United_Kingdom	participatedIn	Dekemvriana
Sparta	participatedIn	Sicilian_Expedition
Imperial_Japanese_Army	participatedIn	Battle_of_Changsha_(1941)
France	participatedIn	Blockade_of_Germany
Kingdom_of_Sardinia	participatedIn	Siege_of_Sevastopol_(1854–55)
Nazi_Germany	participatedIn	Sword_Beach
Kingdom_of_Cyprus	participatedIn	War_of_the_Lombards
Early_modern_France	participatedIn	Italian_Wars
Ptolemaic_Kingdom	participatedIn	Battle_of_Philippi
Second_Polish_Republic	participatedIn	Soviet_westward_offensive_of_1918–19
Principality_of_Schaumburg-Lippe	participatedIn	Seven_Years'_War
Armenia	participatedIn	Battle_of_Harim
Vietnam	participatedIn	Cambodian–Vietnamese_War
Kingdom_of_Majorca	participatedIn	Battle_of_Nájera
Spain	participatedIn	Battle_of_Ravenna_(1512)
Polish_People's_Republic	participatedIn	Nigerian_Civil_War
Dutch_Republic	participatedIn	Naval_operations_in_the_American_Revolutionary_War
Old_Swiss_Confederacy	participatedIn	Battle_of_Grandson
Jordan	participatedIn	1948_Arab–Israeli_War
Kingdom_of_Hungary	participatedIn	Operation_Barbarossa
Imperial_Japanese_Army	participatedIn	Jiangqiao_Campaign
British_Raj	participatedIn	Second_Battle_of_Artois
British_Empire	participatedIn	Second_Boer_War
Denmark–Norway	participatedIn	War_of_the_Second_Coalition
Afghanistan	participatedIn	Operation_Enduring_Freedom
North_Vietnam	participatedIn	Tet_Offensive
Empire_of_Brazil	participatedIn	Battle_of_Yatay
People's_Republic_of_Bulgaria	participatedIn	Ethio-Somali_War
Axis_powers	participatedIn	Operation_Rösselsprung_(1944)
Spain	participatedIn	Battle_of_Preveza
Austrian_Empire	participatedIn	Hundred_Days
Roman_Republic	participatedIn	Battle_of_Beneventum_(275_BC)
Taiwan	participatedIn	Korean_War
Holy_Roman_Empire	participatedIn	Fifth_Crusade
Portugal	participatedIn	NATO_bombing_of_Yugoslavia
Byzantine_Empire	participatedIn	Battle_of_Sirmium
Duchy_of_Savoy	participatedIn	Battle_of_Marsaglia
Kingdom_of_Portugal	participatedIn	French_Revolutionary_Wars
Saxe-Weimar	participatedIn	Siege_of_Mainz_(1793)
United_Kingdom	participatedIn	Allied_invasion_of_Italy
Soviet_Union	participatedIn	Western_Front_(World_War_II)
Margraviate_of_Brandenburg	participatedIn	Italian_War_of_1542–46
Caria	participatedIn	Ionian_Revolt
Republika_Srpska	participatedIn	Operation_Deliberate_Force
Kingdom_of_Great_Britain	participatedIn	Quasi-War
Austria-Hungary	participatedIn	First_Battle_of_the_Isonzo
Kingdom_of_Romania	participatedIn	Kerensky_Offensive
Byzantine_Empire	participatedIn	Byzantine–Norman_wars
Denmark–Norway	participatedIn	Deluge_(history)
Athens	participatedIn	First_Persian_invasion_of_Greece
Rashidun_Caliphate	participatedIn	Muslim_conquests
East_Germany	participatedIn	South_Yemen
Saudi_Arabia	participatedIn	Shia_insurgency_in_Yemen
United_States	participatedIn	Battle_of_Blackburn's_Ford
Belgium	participatedIn	Battle_of_France
Kingdom_of_England	participatedIn	Italian_Wars
Denmark–Norway	participatedIn	Napoleonic_Wars
Kingdom_of_France	participatedIn	Battle_of_Chiari
Russian_Empire	participatedIn	Battle_of_Kulm
Canada	participatedIn	Battle_of_Kapyong
Russian_Soviet_Federative_Socialist_Republic	participatedIn	Finnish_Civil_War
Bavaria	participatedIn	Battle_of_the_Somme
Patriot_(Spanish_American_Independence)	participatedIn	Argentine_War_of_Independence
Finland	participatedIn	Siege_of_Leningrad
Kingdom_of_Sardinia	participatedIn	War_of_the_Sixth_Coalition
Duchy_of_Milan	participatedIn	War_of_the_League_of_Cognac
Bern	participatedIn	Battle_of_Laupen
Chile	participatedIn	Spanish_American_wars_of_independence
County_of_Tripoli	participatedIn	Mongol_invasions_of_Georgia
Holy_Roman_Empire	participatedIn	Battle_of_Crécy
Austrian_Empire	participatedIn	Battle_of_Gefrees
Vichy_France	participatedIn	Western_Front_(World_War_II)
Habsburg_Monarchy	participatedIn	War_of_the_Second_Coalition
Württemberg	participatedIn	Battle_of_Albert_(1916)
Confederate_States_of_America	participatedIn	Battle_of_Williamsburg
Canada	participatedIn	International_Force_for_East_Timor
Electorate_of_Cologne	participatedIn	Siege_of_Neuss
Egypt	participatedIn	Gulf_War
France_in_the_Middle_Ages	participatedIn	Fourth_Crusade
Czechoslovak_government-in-exile	participatedIn	Invasion_of_Normandy
Zengid_dynasty	participatedIn	Third_Crusade
Kingdom_of_Italy	participatedIn	Operation_Battleaxe
Australia	participatedIn	Second_Battle_of_El_Alamein
Kingdom_of_Italy	participatedIn	Spring_1945_offensive_in_Italy
Holy_Roman_Empire	participatedIn	Battle_of_Walcourt
French_Third_Republic	participatedIn	Gallipoli_Campaign
Emirate_of_Granada	participatedIn	Battle_of_Montiel
Djibouti	participatedIn	Ethio-Somali_War
Free_French_Forces	participatedIn	Battle_of_the_Mediterranean
Polisario_Front	participatedIn	Western_Sahara_War
United_Kingdom	participatedIn	Syria–Lebanon_Campaign
Amal_Movement	participatedIn	1982_Lebanon_War
United_States	participatedIn	1959_Tibetan_uprising
Empire_of_Japan	participatedIn	New_Guinea_campaign
Uruguay	participatedIn	Battle_of_Yatay
United_Provinces_of_the_Río_de_la_Plata	participatedIn	Spanish_American_wars_of_independence
Australia	participatedIn	2003_invasion_of_Iraq
Republican_Left_of_Catalonia	participatedIn	Spanish_Civil_War
Armenian_Kingdom_of_Cilicia	participatedIn	Mongol_invasions_of_the_Levant
Russian_Empire	participatedIn	Russo-Turkish_War_(1768–74)
Canada	participatedIn	Italian_Campaign_(World_War_II)
Nazi_Germany	participatedIn	Operation_Tractable
Malaysia	participatedIn	International_Force_for_East_Timor
Dutch_Republic	participatedIn	Deluge_(history)
Sudan	participatedIn	Shaba_I
Portuguese_Empire	participatedIn	Cabanagem
French_First_Republic	participatedIn	French_Revolutionary_Wars
Jutland	participatedIn	Count's_Feud
First_French_Empire	participatedIn	Battle_of_the_Mincio_River_(1814)
Electorate_of_Brunswick-Lüneburg	participatedIn	War_of_the_Spanish_Succession
Poland	participatedIn	East_Pomeranian_Offensive
Uganda	participatedIn	War_in_Somalia_(2006–09)
East_India_Company	participatedIn	Second_Anglo-Mysore_War
Solothurn	participatedIn	Swiss_peasant_war_of_1653
Bulgaria	participatedIn	War_in_Afghanistan_(2001–present)
Zaporozhian_Cossacks	participatedIn	Livonian_War
Ottoman_Empire	participatedIn	Siege_of_Scutari_(1912–13)
Ukrainian_People's_Republic	participatedIn	Soviet_westward_offensive_of_1918–19
Cossack_Hetmanate	participatedIn	Second_Northern_War
Canada	participatedIn	Colombian_conflict_(1964–present)
Kingdom_of_France	participatedIn	Battle_of_Landen
Libya	participatedIn	Sierra_Leone_Civil_War
Kingdom_of_Great_Britain	participatedIn	Battle_of_Villinghausen
Zambia	participatedIn	Namibian_War_of_Independence
Soviet_Union	participatedIn	First_Sudanese_Civil_War
Libya	participatedIn	Moro_insurgency_in_the_Philippines
Denmark	participatedIn	Battle_of_the_Ice
United_States	participatedIn	Burma_Campaign_1944
United_Kingdom	participatedIn	Western_Desert_Campaign
Ethiopia	participatedIn	Eritrean_War_of_Independence
British_Raj	participatedIn	Second_Boer_War
Kingdom_of_Serbia	participatedIn	Siege_of_Scutari_(1912–13)
Bishopric_of_Utrecht	participatedIn	Battle_of_Vlaardingen
Soviet_Union	participatedIn	Vienna_Offensive
Kingdom_of_Sardinia	participatedIn	Siege_of_Toulon
Kingdom_of_France	participatedIn	Battle_of_Speyerbach
Hungary	participatedIn	Battle_of_Mohács_(1687)
Austrian_Empire	participatedIn	Battle_of_Leipzig
Byzantine_Empire	participatedIn	First_Crusade
Kingdom_of_Great_Britain	participatedIn	Third_Anglo-Mysore_War
South_Africa	participatedIn	Guatemalan_Civil_War
Silesia	participatedIn	First_Mongol_invasion_of_Poland
Union_of_South_Africa	participatedIn	Settling_Accounts
France	participatedIn	Operation_Atalanta
Bolivia	participatedIn	Chincha_Islands_War
Kingdom_of_Serbia	participatedIn	European_theatre_of_World_War_I
Portuguese_Empire	participatedIn	Dutch–Portuguese_War
Kingdom_of_France	participatedIn	Battle_of_Verneuil
Duchy_of_Ferrara	participatedIn	Italian_Wars
Batavian_Republic	participatedIn	War_of_the_Second_Coalition
Colony_of_Natal	participatedIn	Second_Boer_War
Zug	participatedIn	Battle_of_Arbedo
United_States	participatedIn	War_on_Terror
Kingdom_of_France	participatedIn	Siege_of_Bonn_(1673)
First_Bulgarian_Empire	participatedIn	Arab–Byzantine_wars
Kingdom_of_England	participatedIn	Battle_of_Vigo_Bay
Cossack_Hetmanate	participatedIn	Russo-Polish_War_(1654–67)
Kingdom_of_Portugal	participatedIn	War_of_the_Second_Coalition
Republic_of_China_(1912–49)	participatedIn	Jinzhou_Operation
Prussia	participatedIn	Siege_of_Paris_(1870–71)
Empire_of_Japan	participatedIn	Battle_of_Rabaul_(1942)
United_Kingdom	participatedIn	Operation_Anaconda
Tsardom_of_Russia	participatedIn	Second_Northern_War
Angevin_Empire	participatedIn	Battle_of_Arsuf
Byzantine_Empire	participatedIn	War_of_the_Sicilian_Vespers
Portugal	participatedIn	Operation_Active_Endeavour
Italy	participatedIn	War_on_Terror
Russian_Empire	participatedIn	Persian_Campaign
Malaysia	participatedIn	Indonesia–Malaysia_confrontation
Lorraine_(duchy)	participatedIn	Burgundian_Wars
Habsburg_Monarchy	participatedIn	Battle_of_Lodi
Kingdom_of_Great_Britain	participatedIn	Great_Siege_of_Gibraltar
Sudan	participatedIn	Nigerian_Civil_War
Lithuania	participatedIn	Latvian_War_of_Independence
Prussia	participatedIn	Battle_of_the_Somme
First_Republic_of_Armenia	participatedIn	Caucasus_Campaign
Kuomintang	participatedIn	Chinese_Civil_War
Russian_Empire	participatedIn	1993_Russian_constitutional_crisis
Finland	participatedIn	Operation_Tanne_Ost
Estado_Novo_(Portugal)	participatedIn	Rhodesian_Bush_War
Duchy_of_Savoy	participatedIn	Nine_Years'_War
Kingdom_of_England	participatedIn	Battle_of_Cadsand
Sweden	participatedIn	Siege_of_Stralsund_(1628)
Rhodesia	participatedIn	Portuguese_Colonial_War
United_Arab_Emirates	participatedIn	Dhofar_Rebellion
Russian_Empire	participatedIn	Battle_of_the_Göhrde
Austrian_Empire	participatedIn	Battle_of_La_Rothière
Holy_Roman_Empire	participatedIn	Long_War_(1591–1606)
Union_of_South_Africa	participatedIn	European_theatre_of_World_War_I
Soviet_Union	participatedIn	Convoy_PQ_17
Kingdom_of_Bulgaria	participatedIn	Eastern_Front_(World_War_I)
Canada	participatedIn	Battle_of_the_Caribbean
Soviet_Union	participatedIn	Colombian_conflict_(1964–present)
United_States	participatedIn	Great_War_(Harry_Turtledove)
Empire_of_Trebizond	participatedIn	Byzantine–Ottoman_Wars
Australia	participatedIn	Solomon_Islands_campaign
United_States	participatedIn	Allied_advance_from_Paris_to_the_Rhine
Kingdom_of_Sicily	participatedIn	Hundred_Days
Kingdom_of_Prussia	participatedIn	Battle_of_Königgrätz
Sudan	participatedIn	Lord's_Resistance_Army_insurgency
Israel	participatedIn	First_Sudanese_Civil_War
Ecuador	participatedIn	Chincha_Islands_War
New_Zealand	participatedIn	Gallipoli_Campaign
Bremen_(state)	participatedIn	Austro-Prussian_War
New_Zealand	participatedIn	New_Guinea_campaign
Netherlands	participatedIn	Convoy_PQ_17
Dutch_Republic	participatedIn	Siege_of_Bonn_(1673)
Old_Swiss_Confederacy	participatedIn	Battle_of_Marignano
Mongol_Empire	participatedIn	Battle_of_Legnica
New_Zealand	participatedIn	Malayan_Emergency
Duchy_of_Savoy	participatedIn	War_of_the_Quadruple_Alliance
United_States	participatedIn	Operation_Active_Endeavour
Spain	participatedIn	Great_Turkish_War
Papal_States	participatedIn	Battle_of_Preveza
Ottoman_Empire	participatedIn	Great_Northern_War
France	participatedIn	Battle_of_Spicheren
United_Nations	participatedIn	Battle_of_Kapyong
Hezbollah	participatedIn	2006_Lebanon_War
Kingdom_of_Hungary	participatedIn	War_of_Chioggia
Bavaria	participatedIn	Battle_of_La_Rothière
Eritrean_People's_Liberation_Front	participatedIn	Ethiopian_Civil_War
Israel	participatedIn	War_on_Terror
Independent_State_of_Croatia	participatedIn	Siege_of_Sevastopol_(1941–42)
First_French_Empire	participatedIn	Battle_of_Austerlitz
Moldova	participatedIn	War_on_Terror
Kingdom_of_Naples	participatedIn	Napoleonic_Wars
Malta	participatedIn	War_of_the_Second_Coalition
Kingdom_of_Hungary	participatedIn	Battle_of_Stalingrad
United_States	participatedIn	Battle_of_Chosin_Reservoir
United_States	participatedIn	Nicaraguan_Revolution
French_First_Republic	participatedIn	War_of_the_First_Coalition
Roman_Republic	participatedIn	Battle_of_Heraclea
Duchy_of_Burgundy	participatedIn	Battle_of_Grandson
Pontus	participatedIn	Roman–Parthian_War_of_58–63
Grand_Duchy_of_Tuscany	participatedIn	Long_War_(1591–1606)
Sparta	participatedIn	Battle_of_Cyzicus
Sweden	participatedIn	Dano-Swedish_War_(1658–60)
Duchy_of_Nassau	participatedIn	Battle_of_Quatre_Bras
Electorate_of_Brunswick-Lüneburg	participatedIn	Battle_of_Dettingen
Ethiopia	participatedIn	Advance_of_the_Islamic_Courts_Union
United_States	participatedIn	Defence_of_the_Reich
Republic_of_Venice	participatedIn	Battle_of_Lepanto
Austrian_Empire	participatedIn	Battle_of_Kulm
Indonesia	participatedIn	International_Force_for_East_Timor
Japan	participatedIn	Battle_of_Guilin–Liuzhou
Kingdom_of_Bohemia	participatedIn	Siege_of_Vienna
Jordan	participatedIn	Arab–Israeli_conflict
Estonia	participatedIn	Helmand_province_campaign
Austrian_Empire	participatedIn	Battle_of_Arcis-sur-Aube
Morocco	participatedIn	Six-Day_War
Württemberg	participatedIn	Battle_of_the_Lys_(1918)
Empire_of_Japan	participatedIn	Battle_of_Dutch_Harbor
France	participatedIn	Operation_Desert_Thunder
United_Kingdom	participatedIn	American_Theater_(World_War_II)
First_Philippine_Republic	participatedIn	Philippine–American_War
Australia	participatedIn	Siege_of_Malta_(World_War_II)
Australia	participatedIn	Western_Front_(World_War_I)
Kingdom_of_Württemberg	participatedIn	Siege_of_Kolberg_(1807)
Hanover	participatedIn	Battle_of_the_Göhrde
Nazi_Germany	participatedIn	Allied_invasion_of_Sicily
Kingdom_of_Holland	participatedIn	War_of_the_Fifth_Coalition
Livonian_Order	participatedIn	Battle_of_the_Ice
Duchy_of_Nassau	participatedIn	Austro-Prussian_War
Germany	participatedIn	Battle_for_Caen
Russian_Empire	participatedIn	Russo-Turkish_War_(1787–92)
Jordan	participatedIn	Shia_insurgency_in_Yemen
Argentina	participatedIn	Pikysyry_maneuver
Sindh	participatedIn	Mongol_invasions_of_India
Afghanistan	participatedIn	Battle_of_Chora
Waldeck_(state)	participatedIn	Siege_of_Pensacola
Elis	participatedIn	Battle_of_Mantinea_(362_BC)
Burkina_Faso	participatedIn	War_on_Terror
Brazilian_Navy	participatedIn	Cabanagem
Ottoman_Empire	participatedIn	Ottoman–Venetian_War_(1463–79)
Kingdom_of_Italy	participatedIn	Allied_invasion_of_Sicily
France_in_the_Middle_Ages	participatedIn	Battle_of_Sluys
Israel_Defense_Forces	participatedIn	Operation_Autumn_Clouds
Damascus	participatedIn	Battle_of_Inab
Commonwealth_of_the_Philippines	participatedIn	Zamboanga_(province)
Principality_of_Antioch	participatedIn	Battle_of_Hattin
Kingdom_of_Naples	participatedIn	Battle_of_Lepanto
Cambodia	participatedIn	Insurgency_in_Laos
French_Third_Republic	participatedIn	Second_Battle_of_the_Marne
Confederate_States_of_America	participatedIn	Battle_of_Appomattox_Court_House
First_French_Empire	participatedIn	Battle_of_Pułtusk
Jordan	participatedIn	Iran–Iraq_War
Amal_Movement	participatedIn	War_of_the_Camps
Vienna	participatedIn	Hungarian_Revolution_of_1848
Free_French_Forces	participatedIn	Operation_Overlord
Islamic_Supreme_Council_of_Iraq	participatedIn	Iraqi_Kurdish_Civil_War
Kingdom_of_Great_Britain	participatedIn	Capture_of_Fort_Ticonderoga
United_Kingdom	participatedIn	Operation_Enduring_Freedom_–_Trans_Sahara
North_Vietnam	participatedIn	Operation_Menu
Habsburg_Spain	participatedIn	War_of_the_Spanish_Succession
Soviet_Union	participatedIn	Operation_Little_Saturn
Electorate_of_Saxony	participatedIn	Great_Northern_War
State_of_Burma	participatedIn	Burma_Campaign
British_Empire	participatedIn	Pacific_War
United_States	participatedIn	Battle_of_Harpers_Ferry
Republic_of_China_(1912–49)	participatedIn	Pacific_War
United_Kingdom	participatedIn	Burma_Campaign_1944
Hezbollah	participatedIn	Lebanese_Civil_War
Graubünden	participatedIn	Battle_of_Frastanz
Russian_Soviet_Federative_Socialist_Republic	participatedIn	Armenian–Azerbaijani_War
Roman_Republic	participatedIn	First_Punic_War
Kingdom_of_Poland_(1385–1569)	participatedIn	Lithuanian_Civil_War_(1431–35)
United_Kingdom	participatedIn	Battle_of_Greece
Egypt	participatedIn	Nigerian_Civil_War
Gaelic_Ireland	participatedIn	Anglo-Spanish_War_(1585–1604)
Saudi_Arabia	participatedIn	Nigerian_Civil_War
First_Republic_of_Armenia	participatedIn	Russian_Civil_War
First_French_Empire	participatedIn	Battle_of_Waterloo
First_French_Empire	participatedIn	Battle_of_Dresden
Kingdom_of_England	participatedIn	English_Channel_naval_campaign_(1338–1339)
Pergamon	participatedIn	Roman–Syrian_War
Kingdom_of_France	participatedIn	Battle_of_Saint_Gotthard_(1664)
Ottoman_Empire	participatedIn	Battle_of_Kosovo
Uganda	participatedIn	Operation_Enduring_Freedom
Austria-Hungary	participatedIn	European_theatre_of_World_War_I
Crown_of_Castile	participatedIn	Battle_of_Montiel
United_States	participatedIn	Blockade_of_Germany
Kingdom_of_Bulgaria	participatedIn	Siege_of_Sevastopol_(1941–42)
Sparta	participatedIn	Battle_of_Mantinea_(362_BC)
Kingdom_of_Armenia_(antiquity)	participatedIn	Roman–Parthian_War_of_58–63
Ottoman_Empire	participatedIn	Battle_of_Keresztes
Spanish_Empire	participatedIn	Battle_of_Fleurus_(1690)
Denmark	participatedIn	Siege_of_Stralsund_(1711–15)
South_Australia	participatedIn	Second_Boer_War
United_States	participatedIn	Convoy_PQ_17
Second_French_Empire	participatedIn	Battle_of_Solferino
Czechoslovakia	participatedIn	Italian_Campaign_(World_War_II)
Guelders	participatedIn	Battle_of_Worringen
County_of_Flanders	participatedIn	Fifth_Crusade
Russia	participatedIn	1993_Russian_constitutional_crisis
Southern_Rhodesia	participatedIn	Burma_Campaign
Kingdom_of_León	participatedIn	Battle_of_Sagrajas
Holy_Roman_Empire	participatedIn	Thirty_Years'_War
Dutch_Republic	participatedIn	Nine_Years'_War
Ukraine	participatedIn	War_in_Afghanistan_(2001–present)
United_Kingdom	participatedIn	New_Guinea_campaign
North_Korea	participatedIn	Battle_of_Kapyong
Kingdom_of_Great_Britain	participatedIn	Battle_of_Minden
United_States	participatedIn	Nigerian_Civil_War
British_Raj	participatedIn	Middle_Eastern_theatre_of_World_War_I
Burundi	participatedIn	Second_Congo_War
Spain	participatedIn	Battle_of_Marsaglia
Papal_States	participatedIn	Italian_War_of_1521–26
Israel	participatedIn	Nicaraguan_Revolution
Nazi_Germany	participatedIn	Second_Battle_of_Kharkov
Azad_Hind	participatedIn	South-East_Asian_theatre_of_World_War_II
Gran_Colombia	participatedIn	Battle_of_Pichincha
British_Empire	participatedIn	Battle_of_Albert_(1916)
Denmark	participatedIn	Operation_Enduring_Freedom_–_Horn_of_Africa
Canada	participatedIn	Battle_of_the_Imjin_River
Northern_Rhodesia	participatedIn	Battle_of_Madagascar
Kingdom_of_Prussia	participatedIn	Siege_of_Kolberg_(1807)
Morocco	participatedIn	Operation_Active_Endeavour
Colorado_Party_(Uruguay)	participatedIn	Battle_of_Caseros
United_States_Army	participatedIn	Zamboanga_(province)
Kingdom_of_France	participatedIn	Battle_of_Saint-Mathieu
Electorate_of_Saxony	participatedIn	Siege_of_Stralsund_(1711–15)
Kingdom_of_Italy	participatedIn	Austro-Prussian_War
United_Kingdom	participatedIn	People's_General
United_States	participatedIn	Civil_war_in_Afghanistan_(1989–92)
Ancient_Carthage	participatedIn	First_Punic_War
Bahrain	participatedIn	War_on_Terror
Eretria	participatedIn	Ionian_Revolt
Spain	participatedIn	Italian_War_of_1536–38
United_Kingdom	participatedIn	Battle_of_Java_(1942)
Taiwan	participatedIn	South_Yemen
Kingdom_of_Prussia	participatedIn	Battle_of_La_Rothière
Empire_of_Japan	participatedIn	Battle_of_Madagascar
Habsburg_Monarchy	participatedIn	Battle_of_Kunersdorf
South_Africa	participatedIn	Congo_Crisis
Saudi_Arabia	participatedIn	1948_Arab–Israeli_War
Greater_Lebanon	participatedIn	Syria–Lebanon_Campaign
Republic_of_Ragusa	participatedIn	Long_War_(1591–1606)
Ottoman_Empire	participatedIn	Battle_of_Preveza
Afghan_National_Army	participatedIn	Operation_Mountain_Fury
Union_of_South_Africa	participatedIn	Second_Battle_of_El_Alamein
United_Kingdom	participatedIn	Spring_1945_offensive_in_Italy
Second_Mexican_Empire	participatedIn	Great_War_(Harry_Turtledove)
Hamburg	participatedIn	Austro-Prussian_War
Netherlands	participatedIn	Operation_Mountain_Fury
Republic_of_Genoa	participatedIn	Battle_of_Lepanto
County_of_Tripoli	participatedIn	War_of_the_Lombards
Kingdom_of_Romania	participatedIn	Operation_Little_Saturn
Israel	participatedIn	First_Intifada
Croatia	participatedIn	Operation_Active_Endeavour
Byzantine_Empire	participatedIn	Crusade_of_1101
Paraguay	participatedIn	Settling_Accounts
Kingdom_of_Italy	participatedIn	First_Battle_of_El_Alamein
New_Zealand	participatedIn	Middle_Eastern_theatre_of_World_War_I
Saxony	participatedIn	Battle_of_Albert_(1916)
Macedonia_(ancient_kingdom)	participatedIn	Roman–Syrian_War
French_Third_Republic	participatedIn	Battle_of_France
Australia	participatedIn	Allied_intervention_in_the_Russian_Civil_War
Socialist_Federal_Republic_of_Yugoslavia	participatedIn	Portuguese_Colonial_War
Imperial_Japanese_Navy	participatedIn	Malayan_Campaign
Niger	participatedIn	Nigerian_Civil_War
Kingdom_of_the_Two_Sicilies	participatedIn	Siege_of_Toulon
Norway	participatedIn	European_theatre_of_World_War_II
Lithuania	participatedIn	War_in_Afghanistan_(2001–present)
Canada	participatedIn	Second_Battle_of_Ypres
Duchy_of_Milan	participatedIn	Battle_of_Bicocca
Kingdom_of_Great_Britain	participatedIn	Battle_of_Krefeld
Canada	participatedIn	Burma_Campaign
Kingdom_of_Hungary_(1526–1867)	participatedIn	Rákóczi's_War_of_Independence
Spanish_Empire	participatedIn	Ottoman_wars_in_Europe
Russian_Soviet_Federative_Socialist_Republic	participatedIn	Basmachi_movement
Japan	participatedIn	War_on_Terror
Portuguese_Empire	participatedIn	Finnish_War
Kingdom_of_France	participatedIn	Siege_of_Acre_(1189–91)
Livonian_Order	participatedIn	Lithuanian_Civil_War_(1431–35)
Dutch_Republic	participatedIn	Second_Anglo-Dutch_War
Mauritania	participatedIn	Western_Sahara_conflict
Kingdom_of_Greece	participatedIn	Battle_of_Greece
Habsburg_Monarchy	participatedIn	Battle_of_Prague_(1757)
County_of_Edessa	participatedIn	Battle_of_Azaz_(1125)
Australia	participatedIn	War_in_Afghanistan_(2001–present)
Nazi_Germany	participatedIn	Case_Blue
United_Nations	participatedIn	People's_General
Empire_of_Japan	participatedIn	1939–40_Winter_Offensive
Australia	participatedIn	Operation_Anaconda
Independent_State_of_Croatia	participatedIn	Western_Front_(World_War_II)
Colonial_Fiji	participatedIn	Guadalcanal_Campaign
Tang_dynasty	participatedIn	Muslim_conquests
New_Zealand	participatedIn	Siege_of_Malta_(World_War_II)
Habsburg_Monarchy	participatedIn	Battle_of_Almenar
Volga_Bulgaria	participatedIn	Mongol_invasion_of_Europe
Kingdom_of_Saxony	participatedIn	1814_campaign_in_France
Argentine_Confederation	participatedIn	Battle_of_Caseros
United_Arab_Emirates	participatedIn	Gulf_War
Nazi_Germany	participatedIn	Operation_Tanne_Ost
European_Union	participatedIn	People's_General
Kingdom_of_Italy_(Napoleonic)	participatedIn	War_of_the_Fifth_Coalition
Free_French_Forces	participatedIn	Sword_Beach
German_Empire	participatedIn	Hundred_Days_Offensive
Empire_of_Japan	participatedIn	Burma_Campaign
Ukraine	participatedIn	Settling_Accounts
Kingdom_of_Great_Britain	participatedIn	Great_Northern_War
Sierra_Leone	participatedIn	Sierra_Leone_Civil_War
Kingdom_of_Navarre	participatedIn	Battle_of_Las_Navas_de_Tolosa
Kingdom_of_Bavaria	participatedIn	Battle_of_Fère-Champenoise
Kingdom_of_Italy	participatedIn	First_Battle_of_the_Isonzo
Kingdom_of_Bulgaria	participatedIn	Great_War_(Harry_Turtledove)
United_Kingdom	participatedIn	Balkan_Campaign_(World_War_II)
Kingdom_of_Hungary_(1526–1867)	participatedIn	Battle_of_Breitenfeld_(1631)
Russia	participatedIn	Operation_Active_Endeavour
Ottoman_Empire	participatedIn	Morean_War
France_in_the_Middle_Ages	participatedIn	First_Crusade
Holy_Roman_Empire	participatedIn	Hussite_Wars
County_of_Flanders	participatedIn	First_Crusade
British_Malaya	participatedIn	Pacific_War
Romania	participatedIn	Operation_Atalanta
French_First_Republic	participatedIn	Battle_of_Fleurus_(1794)
Nazi_Germany	participatedIn	Warsaw_Ghetto_Uprising
United_Kingdom	participatedIn	Allied_invasion_of_Sicily
Yemen	participatedIn	War_on_Terror
Kingdom_of_England	participatedIn	Battle_of_Verneuil
Duchy_of_Nassau	participatedIn	Napoleonic_Wars
Crimean_Khanate	participatedIn	Battle_of_Cecora_(1620)
Zengid_dynasty	participatedIn	Siege_of_Damascus_(1148)
Electorate_of_Saxony	participatedIn	Long_War_(1591–1606)
Kingdom_of_Great_Britain	participatedIn	Battle_of_Castricum
Ottoman_Empire	participatedIn	Gallipoli_Campaign
Holy_Roman_Empire	participatedIn	Byzantine–Norman_wars
Kingdom_of_Italy	participatedIn	Italian_Campaign_(World_War_II)
Poland	participatedIn	Operation_Tractable
France	participatedIn	Battle_of_Albert_(1916)
Golden_Horde	participatedIn	Mongol_invasions_of_Georgia
Kingdom_of_Württemberg	participatedIn	Battle_of_Montereau
State_of_Vietnam	participatedIn	First_Indochina_War
North_Korea	participatedIn	Battle_of_Heartbreak_Ridge
Czechoslovakia	participatedIn	European_theatre_of_World_War_II
Thessaly	participatedIn	Third_Sacred_War
Russian_Empire	participatedIn	War_of_the_Austrian_Succession
United_States	participatedIn	Settling_Accounts
Pakistan	participatedIn	War_in_North-West_Pakistan
Thailand	participatedIn	Internal_conflict_in_Burma
Turkey	participatedIn	Operation_Enduring_Freedom_–_Horn_of_Africa
Estonia	participatedIn	War_in_Afghanistan_(2001–present)
Byzantine_Empire	participatedIn	Second_Crusade
Afghan_National_Army	participatedIn	Operation_Eagle's_Summit
Republic_of_Genoa	participatedIn	War_of_the_League_of_Cognac
China	participatedIn	Malayan_Emergency
Holy_Roman_Empire	participatedIn	Byzantine–Arab_wars_(780–1180)
Poland	participatedIn	Allied_intervention_in_the_Russian_Civil_War
Ottoman_Empire	participatedIn	Battle_of_Megiddo_(1918)
Canada	participatedIn	Battle_of_Inchon
Luxembourg	participatedIn	Kosovo_War
First_French_Empire	participatedIn	Battle_of_Bussaco
Kingdom_of_Great_Britain	participatedIn	Vlieter_Incident
Kingdom_of_Hungary	participatedIn	Battle_of_Sirmium
Holy_Roman_Empire	participatedIn	Little_War_in_Hungary
Arcadia	participatedIn	Battle_of_Mantinea_(362_BC)
Polish_Armed_Forces_in_the_West	participatedIn	Dodecanese_Campaign
New_Zealand	participatedIn	International_Force_for_East_Timor
Vitebsk	participatedIn	Battle_of_Wilkomierz
Tajikistan	participatedIn	Civil_war_in_Afghanistan_(1996–2001)
United_States	participatedIn	Iran–Iraq_War
British_Raj	participatedIn	Allied_invasion_of_Sicily
Germany	participatedIn	Operation_Anaconda
Viet_Cong	participatedIn	Tet_Offensive
Galmudug	participatedIn	War_in_Somalia_(2009–present)
Empire_of_Japan	participatedIn	Zamboanga_(province)
Kingdom_of_Iraq	participatedIn	1948_Arab–Israeli_War
Iraq	participatedIn	Battle_of_Najaf_(2003)
United_States	participatedIn	Battle_of_the_Java_Sea
Empire_of_Japan	participatedIn	Battle_of_Leyte
Safavid_dynasty	participatedIn	Long_War_(1591–1606)
Kingdom_of_France	participatedIn	Franco-Dutch_War
Royalist_(Spanish_American_Independence)	participatedIn	Admirable_Campaign
Algeria	participatedIn	Western_Sahara_War
Kingdom_of_France	participatedIn	War_of_the_Pyrenees
Kingdom_of_Romania	participatedIn	Ukrainian_War_of_Independence
Kingdom_of_France	participatedIn	Battle_of_St._Quentin_(1557)
Kingdom_of_Italy	participatedIn	Operation_Compass
French_First_Republic	participatedIn	War_of_the_Pyrenees
Kingdom_of_England	participatedIn	Battle_of_Almansa
Nazi_Germany	participatedIn	Battle_of_Stalingrad
United_Kingdom	participatedIn	East_African_Campaign_(World_War_II)
Canada	participatedIn	Helmand_province_campaign
Kingdom_of_France	participatedIn	Battle_of_Seneffe
Second_Philippine_Republic	participatedIn	Pacific_War
Archduchy_of_Austria	participatedIn	Edict_of_Restitution
County_of_Holland	participatedIn	Fifth_Crusade
Nazi_Germany	participatedIn	Operation_Shingle
Union_of_South_Africa	participatedIn	Hundred_Days_Offensive
Austrian_Empire	participatedIn	First_Italian_War_of_Independence
Empire_of_Japan	participatedIn	Nampicuan,_Nueva_Ecija
United_States	participatedIn	Naval_operations_in_the_American_Revolutionary_War
Egypt	participatedIn	Congo_Crisis
Nazi_Germany	participatedIn	Invasion_of_Normandy
Vermont_Republic	participatedIn	Battle_of_Bennington
Cuba	participatedIn	Korean_War
Electorate_of_Saxony	participatedIn	Crossing_of_the_Düna
Spain	participatedIn	War_of_the_Quadruple_Alliance
Switzerland	participatedIn	Italian_Wars
German_Empire	participatedIn	Second_Battle_of_Ypres
Ottoman_Empire	participatedIn	Little_War_in_Hungary
Khedivate_of_Egypt	participatedIn	Mahdist_War
Principality_of_Antioch	participatedIn	Mongol_invasions_of_Georgia
Papal_States	participatedIn	Little_War_in_Hungary
Kingdom_of_Hejaz	participatedIn	Battle_of_Megiddo_(1918)
Tanzania	participatedIn	2008_invasion_of_Anjouan
Ayyubid_dynasty	participatedIn	Battle_of_Arsuf
Habsburg_Monarchy	participatedIn	Battle_of_Dettingen
Kingdom_of_Scotland	participatedIn	Battle_of_Verneuil
New_Zealand	participatedIn	Normandy_landings
United_States	participatedIn	Battle_of_the_Coral_Sea
Iran	participatedIn	Lebanese_Civil_War
Union_of_South_Africa	participatedIn	North_African_Campaign
Russian_Soviet_Federative_Socialist_Republic	participatedIn	Ukrainian_War_of_Independence
Kingdom_of_Serbia	participatedIn	Great_War_(Harry_Turtledove)
Belgium	participatedIn	Korean_War
Kingdom_of_France	participatedIn	Italian_War_of_1551–59
Iran	participatedIn	Iran–Iraq_War
National_Revolutionary_Army	participatedIn	Defense_of_Harbin
Saxony	participatedIn	Battle_of_Messines_(1917)
Habsburg_Monarchy	participatedIn	Battle_of_Blenheim
Kingdom_of_Italy	participatedIn	Allied_intervention_in_the_Russian_Civil_War
United_Kingdom	participatedIn	Battle_of_Okinawa
France	participatedIn	Korean_War
Kuwait	participatedIn	Middle_Eastern_theatre_of_World_War_I
Imperial_Japanese_Army	participatedIn	Battle_of_Changsha_(1942)
